ISO-10303-21;
HEADER;
/* Generated by software containing ST-Developer
 * from STEP Tools, Inc. (www.steptools.com) 
 */
/* OPTION: using custom renumber hook */

FILE_DESCRIPTION(
/* description */ ('STEP AP242 Edition 2',
'CAx-IF Rec.Pracs.---Representation and Presentation of Product Manufa
cturing Information (PMI)---4.0---2014-10-13',
'CAx-IF Rec.Pracs.---3D Tessellated Geometry---0.4---2014-09-14','2;1',
'CAx-IF Rec.Pracs.---User Defined Attributes---1.5---2016-08-15'),
/* implementation_level */ '2;1');

FILE_NAME(
/* name */ '69546fb59b8cea819bcb6760',
/* time_stamp */ '2025-12-31T00:35:01Z',
/* author */ (''),
/* organization */ (''),
/* preprocessor_version */ 'ST-DEVELOPER v20',
/* originating_system */ 'ONSHAPE BY PTC INC, 1.208',
/* authorisation */ '  ');

FILE_SCHEMA (('AP242_MANAGED_MODEL_BASED_3D_ENGINEERING_MIM_LF { 1 0 10303 442 3 1 4 }'));
ENDSEC;

DATA;
#10=SHAPE_REPRESENTATION_RELATIONSHIP('','',#1565,#11);
#11=ADVANCED_BREP_SHAPE_REPRESENTATION('',(#1563),#2639);
#12=CIRCLE('',#1574,0.029858974810273);
#13=CIRCLE('',#1575,0.029858974810273);
#14=CIRCLE('',#1577,0.00518718522984771);
#15=CIRCLE('',#1578,0.00518718522984771);
#16=CIRCLE('',#1580,0.0653680262850151);
#17=CIRCLE('',#1581,0.0653680262850151);
#18=CIRCLE('',#1583,0.0891033911889599);
#19=CIRCLE('',#1584,0.0891033911889599);
#20=CIRCLE('',#1586,0.00574143508481582);
#21=CIRCLE('',#1587,0.00574143508481582);
#22=CIRCLE('',#1589,0.00761868982435879);
#23=CIRCLE('',#1590,0.00761868982435879);
#24=CIRCLE('',#1595,0.00784396095230311);
#25=CIRCLE('',#1596,0.00784396095230311);
#26=CIRCLE('',#1598,0.00539391250170393);
#27=CIRCLE('',#1599,0.00539391250170393);
#28=CIRCLE('',#1601,0.119319481415041);
#29=CIRCLE('',#1602,0.119319481415041);
#30=CIRCLE('',#1604,0.0602400029421358);
#31=CIRCLE('',#1605,0.0602400029421358);
#32=CIRCLE('',#1607,0.00512458921068154);
#33=CIRCLE('',#1608,0.00512458921068154);
#34=CIRCLE('',#1610,0.0319259017031129);
#35=CIRCLE('',#1611,0.0319259017031129);
#36=CIRCLE('',#1625,0.0339259017031129);
#37=CIRCLE('',#1626,0.0339259017031129);
#38=CIRCLE('',#1628,0.00712458921068161);
#39=CIRCLE('',#1629,0.00712458921068161);
#40=CIRCLE('',#1631,0.0582400029421358);
#41=CIRCLE('',#1632,0.0582400029421358);
#42=CIRCLE('',#1634,0.121319481415041);
#43=CIRCLE('',#1635,0.121319481415041);
#44=CIRCLE('',#1637,0.00739391250170394);
#45=CIRCLE('',#1638,0.00739391250170394);
#46=CIRCLE('',#1640,0.0098439609523031);
#47=CIRCLE('',#1641,0.0098439609523031);
#48=CIRCLE('',#1646,0.00961868982435878);
#49=CIRCLE('',#1647,0.00961868982435878);
#50=CIRCLE('',#1649,0.00774143508481581);
#51=CIRCLE('',#1650,0.00774143508481581);
#52=CIRCLE('',#1652,0.0911033911889599);
#53=CIRCLE('',#1653,0.0911033911889599);
#54=CIRCLE('',#1655,0.0633680262850151);
#55=CIRCLE('',#1656,0.0633680262850151);
#56=CIRCLE('',#1658,0.00718718522984746);
#57=CIRCLE('',#1659,0.00718718522984746);
#58=CIRCLE('',#1661,0.0318589748102731);
#59=CIRCLE('',#1662,0.0318589748102731);
#60=CIRCLE('',#1669,0.0368589748102731);
#61=CIRCLE('',#1670,0.0121871852298474);
#62=CIRCLE('',#1671,0.058368026285015);
#63=CIRCLE('',#1672,0.0961033911889599);
#64=CIRCLE('',#1673,0.0127414350848158);
#65=CIRCLE('',#1674,0.0146186898243588);
#66=CIRCLE('',#1675,0.0148439609523031);
#67=CIRCLE('',#1676,0.0123939125017043);
#68=CIRCLE('',#1677,0.126319481415041);
#69=CIRCLE('',#1678,0.0532400029421358);
#70=CIRCLE('',#1679,0.0121245892106817);
#71=CIRCLE('',#1680,0.038925901703113);
#72=CIRCLE('',#1682,0.0368589748102731);
#73=CIRCLE('',#1683,0.038925901703113);
#74=CIRCLE('',#1684,0.0121245892106817);
#75=CIRCLE('',#1685,0.0532400029421358);
#76=CIRCLE('',#1686,0.126319481415041);
#77=CIRCLE('',#1687,0.0123939125017043);
#78=CIRCLE('',#1688,0.0148439609523031);
#79=CIRCLE('',#1689,0.0146186898243588);
#80=CIRCLE('',#1690,0.0127414350848158);
#81=CIRCLE('',#1691,0.0961033911889599);
#82=CIRCLE('',#1692,0.058368026285015);
#83=CIRCLE('',#1693,0.0121871852298474);
#84=CYLINDRICAL_SURFACE('',#1573,0.029858974810273);
#85=CYLINDRICAL_SURFACE('',#1576,0.00518718522984771);
#86=CYLINDRICAL_SURFACE('',#1579,0.0653680262850151);
#87=CYLINDRICAL_SURFACE('',#1582,0.0891033911889599);
#88=CYLINDRICAL_SURFACE('',#1585,0.00574143508481582);
#89=CYLINDRICAL_SURFACE('',#1588,0.00761868982435879);
#90=CYLINDRICAL_SURFACE('',#1594,0.00784396095230311);
#91=CYLINDRICAL_SURFACE('',#1597,0.00539391250170393);
#92=CYLINDRICAL_SURFACE('',#1600,0.119319481415041);
#93=CYLINDRICAL_SURFACE('',#1603,0.0602400029421358);
#94=CYLINDRICAL_SURFACE('',#1606,0.00512458921068154);
#95=CYLINDRICAL_SURFACE('',#1609,0.0319259017031129);
#96=CYLINDRICAL_SURFACE('',#1624,0.0339259017031129);
#97=CYLINDRICAL_SURFACE('',#1627,0.00712458921068161);
#98=CYLINDRICAL_SURFACE('',#1630,0.0582400029421358);
#99=CYLINDRICAL_SURFACE('',#1633,0.121319481415041);
#100=CYLINDRICAL_SURFACE('',#1636,0.00739391250170394);
#101=CYLINDRICAL_SURFACE('',#1639,0.0098439609523031);
#102=CYLINDRICAL_SURFACE('',#1645,0.00961868982435878);
#103=CYLINDRICAL_SURFACE('',#1648,0.00774143508481581);
#104=CYLINDRICAL_SURFACE('',#1651,0.0911033911889599);
#105=CYLINDRICAL_SURFACE('',#1654,0.0633680262850151);
#106=CYLINDRICAL_SURFACE('',#1657,0.00718718522984746);
#107=CYLINDRICAL_SURFACE('',#1660,0.0318589748102731);
#108=CYLINDRICAL_SURFACE('',#1694,0.0368589748102731);
#109=CYLINDRICAL_SURFACE('',#1695,0.0121871852298474);
#110=CYLINDRICAL_SURFACE('',#1696,0.058368026285015);
#111=CYLINDRICAL_SURFACE('',#1697,0.0961033911889599);
#112=CYLINDRICAL_SURFACE('',#1698,0.0127414350848158);
#113=CYLINDRICAL_SURFACE('',#1699,0.0146186898243588);
#114=CYLINDRICAL_SURFACE('',#1703,0.0148439609523031);
#115=CYLINDRICAL_SURFACE('',#1704,0.0123939125017043);
#116=CYLINDRICAL_SURFACE('',#1705,0.126319481415041);
#117=CYLINDRICAL_SURFACE('',#1706,0.0532400029421358);
#118=CYLINDRICAL_SURFACE('',#1707,0.0121245892106817);
#119=CYLINDRICAL_SURFACE('',#1708,0.038925901703113);
#120=ORIENTED_EDGE('',*,*,#576,.T.);
#121=ORIENTED_EDGE('',*,*,#577,.F.);
#122=ORIENTED_EDGE('',*,*,#578,.F.);
#123=ORIENTED_EDGE('',*,*,#579,.T.);
#124=ORIENTED_EDGE('',*,*,#580,.T.);
#125=ORIENTED_EDGE('',*,*,#579,.F.);
#126=ORIENTED_EDGE('',*,*,#581,.F.);
#127=ORIENTED_EDGE('',*,*,#582,.T.);
#128=ORIENTED_EDGE('',*,*,#583,.T.);
#129=ORIENTED_EDGE('',*,*,#582,.F.);
#130=ORIENTED_EDGE('',*,*,#584,.F.);
#131=ORIENTED_EDGE('',*,*,#585,.T.);
#132=ORIENTED_EDGE('',*,*,#586,.T.);
#133=ORIENTED_EDGE('',*,*,#585,.F.);
#134=ORIENTED_EDGE('',*,*,#587,.F.);
#135=ORIENTED_EDGE('',*,*,#588,.T.);
#136=ORIENTED_EDGE('',*,*,#589,.T.);
#137=ORIENTED_EDGE('',*,*,#588,.F.);
#138=ORIENTED_EDGE('',*,*,#590,.F.);
#139=ORIENTED_EDGE('',*,*,#591,.T.);
#140=ORIENTED_EDGE('',*,*,#592,.T.);
#141=ORIENTED_EDGE('',*,*,#591,.F.);
#142=ORIENTED_EDGE('',*,*,#593,.F.);
#143=ORIENTED_EDGE('',*,*,#594,.T.);
#144=ORIENTED_EDGE('',*,*,#595,.T.);
#145=ORIENTED_EDGE('',*,*,#594,.F.);
#146=ORIENTED_EDGE('',*,*,#596,.F.);
#147=ORIENTED_EDGE('',*,*,#597,.T.);
#148=ORIENTED_EDGE('',*,*,#598,.T.);
#149=ORIENTED_EDGE('',*,*,#597,.F.);
#150=ORIENTED_EDGE('',*,*,#599,.F.);
#151=ORIENTED_EDGE('',*,*,#600,.T.);
#152=ORIENTED_EDGE('',*,*,#601,.T.);
#153=ORIENTED_EDGE('',*,*,#600,.F.);
#154=ORIENTED_EDGE('',*,*,#602,.F.);
#155=ORIENTED_EDGE('',*,*,#603,.T.);
#156=ORIENTED_EDGE('',*,*,#604,.T.);
#157=ORIENTED_EDGE('',*,*,#603,.F.);
#158=ORIENTED_EDGE('',*,*,#605,.F.);
#159=ORIENTED_EDGE('',*,*,#606,.T.);
#160=ORIENTED_EDGE('',*,*,#607,.T.);
#161=ORIENTED_EDGE('',*,*,#606,.F.);
#162=ORIENTED_EDGE('',*,*,#608,.F.);
#163=ORIENTED_EDGE('',*,*,#609,.T.);
#164=ORIENTED_EDGE('',*,*,#610,.T.);
#165=ORIENTED_EDGE('',*,*,#609,.F.);
#166=ORIENTED_EDGE('',*,*,#611,.F.);
#167=ORIENTED_EDGE('',*,*,#612,.T.);
#168=ORIENTED_EDGE('',*,*,#613,.T.);
#169=ORIENTED_EDGE('',*,*,#612,.F.);
#170=ORIENTED_EDGE('',*,*,#614,.F.);
#171=ORIENTED_EDGE('',*,*,#615,.T.);
#172=ORIENTED_EDGE('',*,*,#616,.T.);
#173=ORIENTED_EDGE('',*,*,#615,.F.);
#174=ORIENTED_EDGE('',*,*,#617,.F.);
#175=ORIENTED_EDGE('',*,*,#618,.T.);
#176=ORIENTED_EDGE('',*,*,#619,.T.);
#177=ORIENTED_EDGE('',*,*,#618,.F.);
#178=ORIENTED_EDGE('',*,*,#620,.F.);
#179=ORIENTED_EDGE('',*,*,#621,.T.);
#180=ORIENTED_EDGE('',*,*,#622,.T.);
#181=ORIENTED_EDGE('',*,*,#621,.F.);
#182=ORIENTED_EDGE('',*,*,#623,.F.);
#183=ORIENTED_EDGE('',*,*,#624,.T.);
#184=ORIENTED_EDGE('',*,*,#625,.T.);
#185=ORIENTED_EDGE('',*,*,#624,.F.);
#186=ORIENTED_EDGE('',*,*,#626,.F.);
#187=ORIENTED_EDGE('',*,*,#627,.T.);
#188=ORIENTED_EDGE('',*,*,#628,.T.);
#189=ORIENTED_EDGE('',*,*,#627,.F.);
#190=ORIENTED_EDGE('',*,*,#629,.F.);
#191=ORIENTED_EDGE('',*,*,#630,.T.);
#192=ORIENTED_EDGE('',*,*,#631,.T.);
#193=ORIENTED_EDGE('',*,*,#630,.F.);
#194=ORIENTED_EDGE('',*,*,#632,.F.);
#195=ORIENTED_EDGE('',*,*,#633,.T.);
#196=ORIENTED_EDGE('',*,*,#634,.T.);
#197=ORIENTED_EDGE('',*,*,#633,.F.);
#198=ORIENTED_EDGE('',*,*,#635,.F.);
#199=ORIENTED_EDGE('',*,*,#636,.T.);
#200=ORIENTED_EDGE('',*,*,#637,.T.);
#201=ORIENTED_EDGE('',*,*,#636,.F.);
#202=ORIENTED_EDGE('',*,*,#638,.F.);
#203=ORIENTED_EDGE('',*,*,#639,.T.);
#204=ORIENTED_EDGE('',*,*,#640,.T.);
#205=ORIENTED_EDGE('',*,*,#639,.F.);
#206=ORIENTED_EDGE('',*,*,#641,.F.);
#207=ORIENTED_EDGE('',*,*,#642,.T.);
#208=ORIENTED_EDGE('',*,*,#643,.T.);
#209=ORIENTED_EDGE('',*,*,#642,.F.);
#210=ORIENTED_EDGE('',*,*,#644,.F.);
#211=ORIENTED_EDGE('',*,*,#645,.T.);
#212=ORIENTED_EDGE('',*,*,#646,.T.);
#213=ORIENTED_EDGE('',*,*,#645,.F.);
#214=ORIENTED_EDGE('',*,*,#647,.F.);
#215=ORIENTED_EDGE('',*,*,#648,.T.);
#216=ORIENTED_EDGE('',*,*,#649,.T.);
#217=ORIENTED_EDGE('',*,*,#648,.F.);
#218=ORIENTED_EDGE('',*,*,#650,.F.);
#219=ORIENTED_EDGE('',*,*,#651,.T.);
#220=ORIENTED_EDGE('',*,*,#652,.T.);
#221=ORIENTED_EDGE('',*,*,#651,.F.);
#222=ORIENTED_EDGE('',*,*,#653,.F.);
#223=ORIENTED_EDGE('',*,*,#654,.T.);
#224=ORIENTED_EDGE('',*,*,#655,.T.);
#225=ORIENTED_EDGE('',*,*,#654,.F.);
#226=ORIENTED_EDGE('',*,*,#656,.F.);
#227=ORIENTED_EDGE('',*,*,#657,.T.);
#228=ORIENTED_EDGE('',*,*,#658,.F.);
#229=ORIENTED_EDGE('',*,*,#659,.F.);
#230=ORIENTED_EDGE('',*,*,#660,.T.);
#231=ORIENTED_EDGE('',*,*,#661,.T.);
#232=ORIENTED_EDGE('',*,*,#662,.F.);
#233=ORIENTED_EDGE('',*,*,#661,.F.);
#234=ORIENTED_EDGE('',*,*,#663,.T.);
#235=ORIENTED_EDGE('',*,*,#664,.T.);
#236=ORIENTED_EDGE('',*,*,#665,.F.);
#237=ORIENTED_EDGE('',*,*,#664,.F.);
#238=ORIENTED_EDGE('',*,*,#666,.T.);
#239=ORIENTED_EDGE('',*,*,#667,.T.);
#240=ORIENTED_EDGE('',*,*,#668,.F.);
#241=ORIENTED_EDGE('',*,*,#667,.F.);
#242=ORIENTED_EDGE('',*,*,#669,.T.);
#243=ORIENTED_EDGE('',*,*,#670,.T.);
#244=ORIENTED_EDGE('',*,*,#671,.F.);
#245=ORIENTED_EDGE('',*,*,#670,.F.);
#246=ORIENTED_EDGE('',*,*,#672,.T.);
#247=ORIENTED_EDGE('',*,*,#673,.T.);
#248=ORIENTED_EDGE('',*,*,#674,.F.);
#249=ORIENTED_EDGE('',*,*,#673,.F.);
#250=ORIENTED_EDGE('',*,*,#675,.T.);
#251=ORIENTED_EDGE('',*,*,#676,.T.);
#252=ORIENTED_EDGE('',*,*,#677,.F.);
#253=ORIENTED_EDGE('',*,*,#676,.F.);
#254=ORIENTED_EDGE('',*,*,#678,.T.);
#255=ORIENTED_EDGE('',*,*,#679,.T.);
#256=ORIENTED_EDGE('',*,*,#680,.F.);
#257=ORIENTED_EDGE('',*,*,#679,.F.);
#258=ORIENTED_EDGE('',*,*,#681,.T.);
#259=ORIENTED_EDGE('',*,*,#682,.T.);
#260=ORIENTED_EDGE('',*,*,#683,.F.);
#261=ORIENTED_EDGE('',*,*,#682,.F.);
#262=ORIENTED_EDGE('',*,*,#684,.T.);
#263=ORIENTED_EDGE('',*,*,#685,.T.);
#264=ORIENTED_EDGE('',*,*,#686,.F.);
#265=ORIENTED_EDGE('',*,*,#685,.F.);
#266=ORIENTED_EDGE('',*,*,#687,.T.);
#267=ORIENTED_EDGE('',*,*,#688,.T.);
#268=ORIENTED_EDGE('',*,*,#689,.F.);
#269=ORIENTED_EDGE('',*,*,#688,.F.);
#270=ORIENTED_EDGE('',*,*,#690,.T.);
#271=ORIENTED_EDGE('',*,*,#691,.T.);
#272=ORIENTED_EDGE('',*,*,#692,.F.);
#273=ORIENTED_EDGE('',*,*,#691,.F.);
#274=ORIENTED_EDGE('',*,*,#693,.T.);
#275=ORIENTED_EDGE('',*,*,#694,.T.);
#276=ORIENTED_EDGE('',*,*,#695,.F.);
#277=ORIENTED_EDGE('',*,*,#694,.F.);
#278=ORIENTED_EDGE('',*,*,#696,.T.);
#279=ORIENTED_EDGE('',*,*,#697,.T.);
#280=ORIENTED_EDGE('',*,*,#698,.F.);
#281=ORIENTED_EDGE('',*,*,#697,.F.);
#282=ORIENTED_EDGE('',*,*,#699,.T.);
#283=ORIENTED_EDGE('',*,*,#700,.T.);
#284=ORIENTED_EDGE('',*,*,#701,.F.);
#285=ORIENTED_EDGE('',*,*,#700,.F.);
#286=ORIENTED_EDGE('',*,*,#702,.T.);
#287=ORIENTED_EDGE('',*,*,#703,.T.);
#288=ORIENTED_EDGE('',*,*,#704,.F.);
#289=ORIENTED_EDGE('',*,*,#703,.F.);
#290=ORIENTED_EDGE('',*,*,#705,.T.);
#291=ORIENTED_EDGE('',*,*,#706,.T.);
#292=ORIENTED_EDGE('',*,*,#707,.F.);
#293=ORIENTED_EDGE('',*,*,#706,.F.);
#294=ORIENTED_EDGE('',*,*,#708,.T.);
#295=ORIENTED_EDGE('',*,*,#709,.T.);
#296=ORIENTED_EDGE('',*,*,#710,.F.);
#297=ORIENTED_EDGE('',*,*,#709,.F.);
#298=ORIENTED_EDGE('',*,*,#711,.T.);
#299=ORIENTED_EDGE('',*,*,#712,.T.);
#300=ORIENTED_EDGE('',*,*,#713,.F.);
#301=ORIENTED_EDGE('',*,*,#712,.F.);
#302=ORIENTED_EDGE('',*,*,#714,.T.);
#303=ORIENTED_EDGE('',*,*,#715,.T.);
#304=ORIENTED_EDGE('',*,*,#716,.F.);
#305=ORIENTED_EDGE('',*,*,#715,.F.);
#306=ORIENTED_EDGE('',*,*,#717,.T.);
#307=ORIENTED_EDGE('',*,*,#718,.T.);
#308=ORIENTED_EDGE('',*,*,#719,.F.);
#309=ORIENTED_EDGE('',*,*,#718,.F.);
#310=ORIENTED_EDGE('',*,*,#720,.T.);
#311=ORIENTED_EDGE('',*,*,#721,.T.);
#312=ORIENTED_EDGE('',*,*,#722,.F.);
#313=ORIENTED_EDGE('',*,*,#721,.F.);
#314=ORIENTED_EDGE('',*,*,#723,.T.);
#315=ORIENTED_EDGE('',*,*,#724,.T.);
#316=ORIENTED_EDGE('',*,*,#725,.F.);
#317=ORIENTED_EDGE('',*,*,#724,.F.);
#318=ORIENTED_EDGE('',*,*,#726,.T.);
#319=ORIENTED_EDGE('',*,*,#727,.T.);
#320=ORIENTED_EDGE('',*,*,#728,.F.);
#321=ORIENTED_EDGE('',*,*,#727,.F.);
#322=ORIENTED_EDGE('',*,*,#729,.T.);
#323=ORIENTED_EDGE('',*,*,#659,.T.);
#324=ORIENTED_EDGE('',*,*,#730,.T.);
#325=ORIENTED_EDGE('',*,*,#657,.F.);
#326=ORIENTED_EDGE('',*,*,#731,.F.);
#327=ORIENTED_EDGE('',*,*,#577,.T.);
#328=ORIENTED_EDGE('',*,*,#658,.T.);
#329=ORIENTED_EDGE('',*,*,#662,.T.);
#330=ORIENTED_EDGE('',*,*,#665,.T.);
#331=ORIENTED_EDGE('',*,*,#668,.T.);
#332=ORIENTED_EDGE('',*,*,#671,.T.);
#333=ORIENTED_EDGE('',*,*,#674,.T.);
#334=ORIENTED_EDGE('',*,*,#677,.T.);
#335=ORIENTED_EDGE('',*,*,#680,.T.);
#336=ORIENTED_EDGE('',*,*,#683,.T.);
#337=ORIENTED_EDGE('',*,*,#686,.T.);
#338=ORIENTED_EDGE('',*,*,#689,.T.);
#339=ORIENTED_EDGE('',*,*,#692,.T.);
#340=ORIENTED_EDGE('',*,*,#695,.T.);
#341=ORIENTED_EDGE('',*,*,#698,.T.);
#342=ORIENTED_EDGE('',*,*,#701,.T.);
#343=ORIENTED_EDGE('',*,*,#704,.T.);
#344=ORIENTED_EDGE('',*,*,#707,.T.);
#345=ORIENTED_EDGE('',*,*,#710,.T.);
#346=ORIENTED_EDGE('',*,*,#713,.T.);
#347=ORIENTED_EDGE('',*,*,#716,.T.);
#348=ORIENTED_EDGE('',*,*,#719,.T.);
#349=ORIENTED_EDGE('',*,*,#722,.T.);
#350=ORIENTED_EDGE('',*,*,#725,.T.);
#351=ORIENTED_EDGE('',*,*,#728,.T.);
#352=ORIENTED_EDGE('',*,*,#576,.F.);
#353=ORIENTED_EDGE('',*,*,#580,.F.);
#354=ORIENTED_EDGE('',*,*,#583,.F.);
#355=ORIENTED_EDGE('',*,*,#586,.F.);
#356=ORIENTED_EDGE('',*,*,#589,.F.);
#357=ORIENTED_EDGE('',*,*,#592,.F.);
#358=ORIENTED_EDGE('',*,*,#595,.F.);
#359=ORIENTED_EDGE('',*,*,#598,.F.);
#360=ORIENTED_EDGE('',*,*,#601,.F.);
#361=ORIENTED_EDGE('',*,*,#604,.F.);
#362=ORIENTED_EDGE('',*,*,#607,.F.);
#363=ORIENTED_EDGE('',*,*,#610,.F.);
#364=ORIENTED_EDGE('',*,*,#613,.F.);
#365=ORIENTED_EDGE('',*,*,#616,.F.);
#366=ORIENTED_EDGE('',*,*,#619,.F.);
#367=ORIENTED_EDGE('',*,*,#622,.F.);
#368=ORIENTED_EDGE('',*,*,#625,.F.);
#369=ORIENTED_EDGE('',*,*,#628,.F.);
#370=ORIENTED_EDGE('',*,*,#631,.F.);
#371=ORIENTED_EDGE('',*,*,#634,.F.);
#372=ORIENTED_EDGE('',*,*,#637,.F.);
#373=ORIENTED_EDGE('',*,*,#640,.F.);
#374=ORIENTED_EDGE('',*,*,#643,.F.);
#375=ORIENTED_EDGE('',*,*,#646,.F.);
#376=ORIENTED_EDGE('',*,*,#649,.F.);
#377=ORIENTED_EDGE('',*,*,#652,.F.);
#378=ORIENTED_EDGE('',*,*,#655,.F.);
#379=ORIENTED_EDGE('',*,*,#730,.F.);
#380=ORIENTED_EDGE('',*,*,#593,.T.);
#381=ORIENTED_EDGE('',*,*,#590,.T.);
#382=ORIENTED_EDGE('',*,*,#587,.T.);
#383=ORIENTED_EDGE('',*,*,#584,.T.);
#384=ORIENTED_EDGE('',*,*,#581,.T.);
#385=ORIENTED_EDGE('',*,*,#578,.T.);
#386=ORIENTED_EDGE('',*,*,#731,.T.);
#387=ORIENTED_EDGE('',*,*,#656,.T.);
#388=ORIENTED_EDGE('',*,*,#653,.T.);
#389=ORIENTED_EDGE('',*,*,#650,.T.);
#390=ORIENTED_EDGE('',*,*,#647,.T.);
#391=ORIENTED_EDGE('',*,*,#644,.T.);
#392=ORIENTED_EDGE('',*,*,#641,.T.);
#393=ORIENTED_EDGE('',*,*,#638,.T.);
#394=ORIENTED_EDGE('',*,*,#635,.T.);
#395=ORIENTED_EDGE('',*,*,#632,.T.);
#396=ORIENTED_EDGE('',*,*,#629,.T.);
#397=ORIENTED_EDGE('',*,*,#626,.T.);
#398=ORIENTED_EDGE('',*,*,#623,.T.);
#399=ORIENTED_EDGE('',*,*,#620,.T.);
#400=ORIENTED_EDGE('',*,*,#617,.T.);
#401=ORIENTED_EDGE('',*,*,#614,.T.);
#402=ORIENTED_EDGE('',*,*,#611,.T.);
#403=ORIENTED_EDGE('',*,*,#608,.T.);
#404=ORIENTED_EDGE('',*,*,#605,.T.);
#405=ORIENTED_EDGE('',*,*,#602,.T.);
#406=ORIENTED_EDGE('',*,*,#599,.T.);
#407=ORIENTED_EDGE('',*,*,#596,.T.);
#408=ORIENTED_EDGE('',*,*,#732,.F.);
#409=ORIENTED_EDGE('',*,*,#733,.F.);
#410=ORIENTED_EDGE('',*,*,#734,.F.);
#411=ORIENTED_EDGE('',*,*,#735,.F.);
#412=ORIENTED_EDGE('',*,*,#736,.F.);
#413=ORIENTED_EDGE('',*,*,#737,.F.);
#414=ORIENTED_EDGE('',*,*,#738,.F.);
#415=ORIENTED_EDGE('',*,*,#739,.F.);
#416=ORIENTED_EDGE('',*,*,#740,.F.);
#417=ORIENTED_EDGE('',*,*,#741,.F.);
#418=ORIENTED_EDGE('',*,*,#742,.F.);
#419=ORIENTED_EDGE('',*,*,#743,.F.);
#420=ORIENTED_EDGE('',*,*,#744,.F.);
#421=ORIENTED_EDGE('',*,*,#745,.F.);
#422=ORIENTED_EDGE('',*,*,#746,.F.);
#423=ORIENTED_EDGE('',*,*,#747,.F.);
#424=ORIENTED_EDGE('',*,*,#748,.F.);
#425=ORIENTED_EDGE('',*,*,#749,.F.);
#426=ORIENTED_EDGE('',*,*,#750,.F.);
#427=ORIENTED_EDGE('',*,*,#751,.F.);
#428=ORIENTED_EDGE('',*,*,#752,.F.);
#429=ORIENTED_EDGE('',*,*,#753,.F.);
#430=ORIENTED_EDGE('',*,*,#754,.F.);
#431=ORIENTED_EDGE('',*,*,#755,.F.);
#432=ORIENTED_EDGE('',*,*,#660,.F.);
#433=ORIENTED_EDGE('',*,*,#729,.F.);
#434=ORIENTED_EDGE('',*,*,#726,.F.);
#435=ORIENTED_EDGE('',*,*,#723,.F.);
#436=ORIENTED_EDGE('',*,*,#720,.F.);
#437=ORIENTED_EDGE('',*,*,#717,.F.);
#438=ORIENTED_EDGE('',*,*,#714,.F.);
#439=ORIENTED_EDGE('',*,*,#711,.F.);
#440=ORIENTED_EDGE('',*,*,#708,.F.);
#441=ORIENTED_EDGE('',*,*,#705,.F.);
#442=ORIENTED_EDGE('',*,*,#702,.F.);
#443=ORIENTED_EDGE('',*,*,#699,.F.);
#444=ORIENTED_EDGE('',*,*,#696,.F.);
#445=ORIENTED_EDGE('',*,*,#693,.F.);
#446=ORIENTED_EDGE('',*,*,#690,.F.);
#447=ORIENTED_EDGE('',*,*,#687,.F.);
#448=ORIENTED_EDGE('',*,*,#684,.F.);
#449=ORIENTED_EDGE('',*,*,#681,.F.);
#450=ORIENTED_EDGE('',*,*,#678,.F.);
#451=ORIENTED_EDGE('',*,*,#675,.F.);
#452=ORIENTED_EDGE('',*,*,#672,.F.);
#453=ORIENTED_EDGE('',*,*,#669,.F.);
#454=ORIENTED_EDGE('',*,*,#666,.F.);
#455=ORIENTED_EDGE('',*,*,#663,.F.);
#456=ORIENTED_EDGE('',*,*,#756,.T.);
#457=ORIENTED_EDGE('',*,*,#757,.T.);
#458=ORIENTED_EDGE('',*,*,#758,.T.);
#459=ORIENTED_EDGE('',*,*,#759,.T.);
#460=ORIENTED_EDGE('',*,*,#760,.T.);
#461=ORIENTED_EDGE('',*,*,#761,.T.);
#462=ORIENTED_EDGE('',*,*,#762,.T.);
#463=ORIENTED_EDGE('',*,*,#763,.T.);
#464=ORIENTED_EDGE('',*,*,#764,.T.);
#465=ORIENTED_EDGE('',*,*,#765,.T.);
#466=ORIENTED_EDGE('',*,*,#766,.T.);
#467=ORIENTED_EDGE('',*,*,#767,.T.);
#468=ORIENTED_EDGE('',*,*,#768,.T.);
#469=ORIENTED_EDGE('',*,*,#769,.T.);
#470=ORIENTED_EDGE('',*,*,#770,.T.);
#471=ORIENTED_EDGE('',*,*,#771,.T.);
#472=ORIENTED_EDGE('',*,*,#772,.T.);
#473=ORIENTED_EDGE('',*,*,#773,.T.);
#474=ORIENTED_EDGE('',*,*,#774,.T.);
#475=ORIENTED_EDGE('',*,*,#775,.T.);
#476=ORIENTED_EDGE('',*,*,#776,.T.);
#477=ORIENTED_EDGE('',*,*,#777,.T.);
#478=ORIENTED_EDGE('',*,*,#778,.T.);
#479=ORIENTED_EDGE('',*,*,#779,.T.);
#480=ORIENTED_EDGE('',*,*,#756,.F.);
#481=ORIENTED_EDGE('',*,*,#780,.F.);
#482=ORIENTED_EDGE('',*,*,#732,.T.);
#483=ORIENTED_EDGE('',*,*,#781,.T.);
#484=ORIENTED_EDGE('',*,*,#779,.F.);
#485=ORIENTED_EDGE('',*,*,#782,.F.);
#486=ORIENTED_EDGE('',*,*,#733,.T.);
#487=ORIENTED_EDGE('',*,*,#780,.T.);
#488=ORIENTED_EDGE('',*,*,#778,.F.);
#489=ORIENTED_EDGE('',*,*,#783,.F.);
#490=ORIENTED_EDGE('',*,*,#734,.T.);
#491=ORIENTED_EDGE('',*,*,#782,.T.);
#492=ORIENTED_EDGE('',*,*,#777,.F.);
#493=ORIENTED_EDGE('',*,*,#784,.F.);
#494=ORIENTED_EDGE('',*,*,#735,.T.);
#495=ORIENTED_EDGE('',*,*,#783,.T.);
#496=ORIENTED_EDGE('',*,*,#776,.F.);
#497=ORIENTED_EDGE('',*,*,#785,.F.);
#498=ORIENTED_EDGE('',*,*,#736,.T.);
#499=ORIENTED_EDGE('',*,*,#784,.T.);
#500=ORIENTED_EDGE('',*,*,#775,.F.);
#501=ORIENTED_EDGE('',*,*,#786,.F.);
#502=ORIENTED_EDGE('',*,*,#737,.T.);
#503=ORIENTED_EDGE('',*,*,#785,.T.);
#504=ORIENTED_EDGE('',*,*,#774,.F.);
#505=ORIENTED_EDGE('',*,*,#787,.F.);
#506=ORIENTED_EDGE('',*,*,#738,.T.);
#507=ORIENTED_EDGE('',*,*,#786,.T.);
#508=ORIENTED_EDGE('',*,*,#773,.F.);
#509=ORIENTED_EDGE('',*,*,#788,.F.);
#510=ORIENTED_EDGE('',*,*,#739,.T.);
#511=ORIENTED_EDGE('',*,*,#787,.T.);
#512=ORIENTED_EDGE('',*,*,#772,.F.);
#513=ORIENTED_EDGE('',*,*,#789,.F.);
#514=ORIENTED_EDGE('',*,*,#740,.T.);
#515=ORIENTED_EDGE('',*,*,#788,.T.);
#516=ORIENTED_EDGE('',*,*,#771,.F.);
#517=ORIENTED_EDGE('',*,*,#790,.F.);
#518=ORIENTED_EDGE('',*,*,#741,.T.);
#519=ORIENTED_EDGE('',*,*,#789,.T.);
#520=ORIENTED_EDGE('',*,*,#770,.F.);
#521=ORIENTED_EDGE('',*,*,#791,.F.);
#522=ORIENTED_EDGE('',*,*,#742,.T.);
#523=ORIENTED_EDGE('',*,*,#790,.T.);
#524=ORIENTED_EDGE('',*,*,#769,.F.);
#525=ORIENTED_EDGE('',*,*,#792,.F.);
#526=ORIENTED_EDGE('',*,*,#743,.T.);
#527=ORIENTED_EDGE('',*,*,#791,.T.);
#528=ORIENTED_EDGE('',*,*,#768,.F.);
#529=ORIENTED_EDGE('',*,*,#793,.F.);
#530=ORIENTED_EDGE('',*,*,#744,.T.);
#531=ORIENTED_EDGE('',*,*,#792,.T.);
#532=ORIENTED_EDGE('',*,*,#767,.F.);
#533=ORIENTED_EDGE('',*,*,#794,.F.);
#534=ORIENTED_EDGE('',*,*,#745,.T.);
#535=ORIENTED_EDGE('',*,*,#793,.T.);
#536=ORIENTED_EDGE('',*,*,#766,.F.);
#537=ORIENTED_EDGE('',*,*,#795,.F.);
#538=ORIENTED_EDGE('',*,*,#746,.T.);
#539=ORIENTED_EDGE('',*,*,#794,.T.);
#540=ORIENTED_EDGE('',*,*,#765,.F.);
#541=ORIENTED_EDGE('',*,*,#796,.F.);
#542=ORIENTED_EDGE('',*,*,#747,.T.);
#543=ORIENTED_EDGE('',*,*,#795,.T.);
#544=ORIENTED_EDGE('',*,*,#764,.F.);
#545=ORIENTED_EDGE('',*,*,#797,.F.);
#546=ORIENTED_EDGE('',*,*,#748,.T.);
#547=ORIENTED_EDGE('',*,*,#796,.T.);
#548=ORIENTED_EDGE('',*,*,#763,.F.);
#549=ORIENTED_EDGE('',*,*,#798,.F.);
#550=ORIENTED_EDGE('',*,*,#749,.T.);
#551=ORIENTED_EDGE('',*,*,#797,.T.);
#552=ORIENTED_EDGE('',*,*,#762,.F.);
#553=ORIENTED_EDGE('',*,*,#799,.F.);
#554=ORIENTED_EDGE('',*,*,#750,.T.);
#555=ORIENTED_EDGE('',*,*,#798,.T.);
#556=ORIENTED_EDGE('',*,*,#761,.F.);
#557=ORIENTED_EDGE('',*,*,#800,.F.);
#558=ORIENTED_EDGE('',*,*,#751,.T.);
#559=ORIENTED_EDGE('',*,*,#799,.T.);
#560=ORIENTED_EDGE('',*,*,#760,.F.);
#561=ORIENTED_EDGE('',*,*,#801,.F.);
#562=ORIENTED_EDGE('',*,*,#752,.T.);
#563=ORIENTED_EDGE('',*,*,#800,.T.);
#564=ORIENTED_EDGE('',*,*,#759,.F.);
#565=ORIENTED_EDGE('',*,*,#802,.F.);
#566=ORIENTED_EDGE('',*,*,#753,.T.);
#567=ORIENTED_EDGE('',*,*,#801,.T.);
#568=ORIENTED_EDGE('',*,*,#758,.F.);
#569=ORIENTED_EDGE('',*,*,#803,.F.);
#570=ORIENTED_EDGE('',*,*,#754,.T.);
#571=ORIENTED_EDGE('',*,*,#802,.T.);
#572=ORIENTED_EDGE('',*,*,#757,.F.);
#573=ORIENTED_EDGE('',*,*,#781,.F.);
#574=ORIENTED_EDGE('',*,*,#755,.T.);
#575=ORIENTED_EDGE('',*,*,#803,.T.);
#576=EDGE_CURVE('',#804,#805,#956,.T.);
#577=EDGE_CURVE('',#806,#805,#957,.T.);
#578=EDGE_CURVE('',#807,#806,#958,.T.);
#579=EDGE_CURVE('',#807,#804,#959,.T.);
#580=EDGE_CURVE('',#808,#804,#960,.T.);
#581=EDGE_CURVE('',#809,#807,#961,.T.);
#582=EDGE_CURVE('',#809,#808,#962,.T.);
#583=EDGE_CURVE('',#810,#808,#963,.T.);
#584=EDGE_CURVE('',#811,#809,#964,.T.);
#585=EDGE_CURVE('',#811,#810,#965,.T.);
#586=EDGE_CURVE('',#812,#810,#966,.T.);
#587=EDGE_CURVE('',#813,#811,#967,.T.);
#588=EDGE_CURVE('',#813,#812,#968,.T.);
#589=EDGE_CURVE('',#814,#812,#969,.T.);
#590=EDGE_CURVE('',#815,#813,#970,.T.);
#591=EDGE_CURVE('',#815,#814,#971,.T.);
#592=EDGE_CURVE('',#816,#814,#972,.T.);
#593=EDGE_CURVE('',#817,#815,#973,.T.);
#594=EDGE_CURVE('',#817,#816,#974,.T.);
#595=EDGE_CURVE('',#818,#816,#12,.F.);
#596=EDGE_CURVE('',#819,#817,#13,.F.);
#597=EDGE_CURVE('',#819,#818,#975,.T.);
#598=EDGE_CURVE('',#820,#818,#14,.F.);
#599=EDGE_CURVE('',#821,#819,#15,.F.);
#600=EDGE_CURVE('',#821,#820,#976,.T.);
#601=EDGE_CURVE('',#822,#820,#16,.T.);
#602=EDGE_CURVE('',#823,#821,#17,.T.);
#603=EDGE_CURVE('',#823,#822,#977,.T.);
#604=EDGE_CURVE('',#824,#822,#18,.F.);
#605=EDGE_CURVE('',#825,#823,#19,.F.);
#606=EDGE_CURVE('',#825,#824,#978,.T.);
#607=EDGE_CURVE('',#826,#824,#20,.F.);
#608=EDGE_CURVE('',#827,#825,#21,.F.);
#609=EDGE_CURVE('',#827,#826,#979,.T.);
#610=EDGE_CURVE('',#828,#826,#22,.F.);
#611=EDGE_CURVE('',#829,#827,#23,.F.);
#612=EDGE_CURVE('',#829,#828,#980,.T.);
#613=EDGE_CURVE('',#830,#828,#981,.T.);
#614=EDGE_CURVE('',#831,#829,#982,.T.);
#615=EDGE_CURVE('',#831,#830,#983,.T.);
#616=EDGE_CURVE('',#832,#830,#984,.T.);
#617=EDGE_CURVE('',#833,#831,#985,.T.);
#618=EDGE_CURVE('',#833,#832,#986,.T.);
#619=EDGE_CURVE('',#834,#832,#987,.T.);
#620=EDGE_CURVE('',#835,#833,#988,.T.);
#621=EDGE_CURVE('',#835,#834,#989,.T.);
#622=EDGE_CURVE('',#836,#834,#24,.F.);
#623=EDGE_CURVE('',#837,#835,#25,.F.);
#624=EDGE_CURVE('',#837,#836,#990,.T.);
#625=EDGE_CURVE('',#838,#836,#26,.F.);
#626=EDGE_CURVE('',#839,#837,#27,.F.);
#627=EDGE_CURVE('',#839,#838,#991,.T.);
#628=EDGE_CURVE('',#840,#838,#28,.F.);
#629=EDGE_CURVE('',#841,#839,#29,.F.);
#630=EDGE_CURVE('',#841,#840,#992,.T.);
#631=EDGE_CURVE('',#842,#840,#30,.T.);
#632=EDGE_CURVE('',#843,#841,#31,.T.);
#633=EDGE_CURVE('',#843,#842,#993,.T.);
#634=EDGE_CURVE('',#844,#842,#32,.F.);
#635=EDGE_CURVE('',#845,#843,#33,.F.);
#636=EDGE_CURVE('',#845,#844,#994,.T.);
#637=EDGE_CURVE('',#846,#844,#34,.F.);
#638=EDGE_CURVE('',#847,#845,#35,.F.);
#639=EDGE_CURVE('',#847,#846,#995,.T.);
#640=EDGE_CURVE('',#848,#846,#996,.T.);
#641=EDGE_CURVE('',#849,#847,#997,.T.);
#642=EDGE_CURVE('',#849,#848,#998,.T.);
#643=EDGE_CURVE('',#850,#848,#999,.T.);
#644=EDGE_CURVE('',#851,#849,#1000,.T.);
#645=EDGE_CURVE('',#851,#850,#1001,.T.);
#646=EDGE_CURVE('',#852,#850,#1002,.T.);
#647=EDGE_CURVE('',#853,#851,#1003,.T.);
#648=EDGE_CURVE('',#853,#852,#1004,.T.);
#649=EDGE_CURVE('',#854,#852,#1005,.T.);
#650=EDGE_CURVE('',#855,#853,#1006,.T.);
#651=EDGE_CURVE('',#855,#854,#1007,.T.);
#652=EDGE_CURVE('',#856,#854,#1008,.T.);
#653=EDGE_CURVE('',#857,#855,#1009,.T.);
#654=EDGE_CURVE('',#857,#856,#1010,.T.);
#655=EDGE_CURVE('',#858,#856,#1011,.T.);
#656=EDGE_CURVE('',#859,#857,#1012,.T.);
#657=EDGE_CURVE('',#859,#858,#1013,.T.);
#658=EDGE_CURVE('',#860,#861,#1014,.T.);
#659=EDGE_CURVE('',#862,#860,#1015,.T.);
#660=EDGE_CURVE('',#862,#863,#1016,.T.);
#661=EDGE_CURVE('',#863,#861,#1017,.T.);
#662=EDGE_CURVE('',#861,#864,#1018,.T.);
#663=EDGE_CURVE('',#863,#865,#1019,.T.);
#664=EDGE_CURVE('',#865,#864,#1020,.T.);
#665=EDGE_CURVE('',#864,#866,#1021,.T.);
#666=EDGE_CURVE('',#865,#867,#1022,.T.);
#667=EDGE_CURVE('',#867,#866,#1023,.T.);
#668=EDGE_CURVE('',#866,#868,#1024,.T.);
#669=EDGE_CURVE('',#867,#869,#1025,.T.);
#670=EDGE_CURVE('',#869,#868,#1026,.T.);
#671=EDGE_CURVE('',#868,#870,#1027,.T.);
#672=EDGE_CURVE('',#869,#871,#1028,.T.);
#673=EDGE_CURVE('',#871,#870,#1029,.T.);
#674=EDGE_CURVE('',#870,#872,#1030,.T.);
#675=EDGE_CURVE('',#871,#873,#1031,.T.);
#676=EDGE_CURVE('',#873,#872,#1032,.T.);
#677=EDGE_CURVE('',#872,#874,#36,.F.);
#678=EDGE_CURVE('',#873,#875,#37,.F.);
#679=EDGE_CURVE('',#875,#874,#1033,.T.);
#680=EDGE_CURVE('',#874,#876,#38,.F.);
#681=EDGE_CURVE('',#875,#877,#39,.F.);
#682=EDGE_CURVE('',#877,#876,#1034,.T.);
#683=EDGE_CURVE('',#876,#878,#40,.T.);
#684=EDGE_CURVE('',#877,#879,#41,.T.);
#685=EDGE_CURVE('',#879,#878,#1035,.T.);
#686=EDGE_CURVE('',#878,#880,#42,.F.);
#687=EDGE_CURVE('',#879,#881,#43,.F.);
#688=EDGE_CURVE('',#881,#880,#1036,.T.);
#689=EDGE_CURVE('',#880,#882,#44,.F.);
#690=EDGE_CURVE('',#881,#883,#45,.F.);
#691=EDGE_CURVE('',#883,#882,#1037,.T.);
#692=EDGE_CURVE('',#882,#884,#46,.F.);
#693=EDGE_CURVE('',#883,#885,#47,.F.);
#694=EDGE_CURVE('',#885,#884,#1038,.T.);
#695=EDGE_CURVE('',#884,#886,#1039,.T.);
#696=EDGE_CURVE('',#885,#887,#1040,.T.);
#697=EDGE_CURVE('',#887,#886,#1041,.T.);
#698=EDGE_CURVE('',#886,#888,#1042,.T.);
#699=EDGE_CURVE('',#887,#889,#1043,.T.);
#700=EDGE_CURVE('',#889,#888,#1044,.T.);
#701=EDGE_CURVE('',#888,#890,#1045,.T.);
#702=EDGE_CURVE('',#889,#891,#1046,.T.);
#703=EDGE_CURVE('',#891,#890,#1047,.T.);
#704=EDGE_CURVE('',#890,#892,#48,.F.);
#705=EDGE_CURVE('',#891,#893,#49,.F.);
#706=EDGE_CURVE('',#893,#892,#1048,.T.);
#707=EDGE_CURVE('',#892,#894,#50,.F.);
#708=EDGE_CURVE('',#893,#895,#51,.F.);
#709=EDGE_CURVE('',#895,#894,#1049,.T.);
#710=EDGE_CURVE('',#894,#896,#52,.F.);
#711=EDGE_CURVE('',#895,#897,#53,.F.);
#712=EDGE_CURVE('',#897,#896,#1050,.T.);
#713=EDGE_CURVE('',#896,#898,#54,.T.);
#714=EDGE_CURVE('',#897,#899,#55,.T.);
#715=EDGE_CURVE('',#899,#898,#1051,.T.);
#716=EDGE_CURVE('',#898,#900,#56,.F.);
#717=EDGE_CURVE('',#899,#901,#57,.F.);
#718=EDGE_CURVE('',#901,#900,#1052,.T.);
#719=EDGE_CURVE('',#900,#902,#58,.F.);
#720=EDGE_CURVE('',#901,#903,#59,.F.);
#721=EDGE_CURVE('',#903,#902,#1053,.T.);
#722=EDGE_CURVE('',#902,#904,#1054,.T.);
#723=EDGE_CURVE('',#903,#905,#1055,.T.);
#724=EDGE_CURVE('',#905,#904,#1056,.T.);
#725=EDGE_CURVE('',#904,#906,#1057,.T.);
#726=EDGE_CURVE('',#905,#907,#1058,.T.);
#727=EDGE_CURVE('',#907,#906,#1059,.T.);
#728=EDGE_CURVE('',#906,#860,#1060,.T.);
#729=EDGE_CURVE('',#907,#862,#1061,.T.);
#730=EDGE_CURVE('',#805,#858,#1062,.T.);
#731=EDGE_CURVE('',#806,#859,#1063,.T.);
#732=EDGE_CURVE('',#908,#909,#60,.F.);
#733=EDGE_CURVE('',#910,#908,#61,.F.);
#734=EDGE_CURVE('',#911,#910,#62,.T.);
#735=EDGE_CURVE('',#912,#911,#63,.F.);
#736=EDGE_CURVE('',#913,#912,#64,.F.);
#737=EDGE_CURVE('',#914,#913,#65,.F.);
#738=EDGE_CURVE('',#915,#914,#1064,.T.);
#739=EDGE_CURVE('',#916,#915,#1065,.T.);
#740=EDGE_CURVE('',#917,#916,#1066,.T.);
#741=EDGE_CURVE('',#918,#917,#66,.F.);
#742=EDGE_CURVE('',#919,#918,#67,.F.);
#743=EDGE_CURVE('',#920,#919,#68,.F.);
#744=EDGE_CURVE('',#921,#920,#69,.T.);
#745=EDGE_CURVE('',#922,#921,#70,.F.);
#746=EDGE_CURVE('',#923,#922,#71,.F.);
#747=EDGE_CURVE('',#924,#923,#1067,.T.);
#748=EDGE_CURVE('',#925,#924,#1068,.T.);
#749=EDGE_CURVE('',#926,#925,#1069,.T.);
#750=EDGE_CURVE('',#927,#926,#1070,.T.);
#751=EDGE_CURVE('',#928,#927,#1071,.T.);
#752=EDGE_CURVE('',#929,#928,#1072,.T.);
#753=EDGE_CURVE('',#930,#929,#1073,.T.);
#754=EDGE_CURVE('',#931,#930,#1074,.T.);
#755=EDGE_CURVE('',#909,#931,#1075,.T.);
#756=EDGE_CURVE('',#932,#933,#72,.F.);
#757=EDGE_CURVE('',#933,#934,#1076,.T.);
#758=EDGE_CURVE('',#934,#935,#1077,.T.);
#759=EDGE_CURVE('',#935,#936,#1078,.T.);
#760=EDGE_CURVE('',#936,#937,#1079,.T.);
#761=EDGE_CURVE('',#937,#938,#1080,.T.);
#762=EDGE_CURVE('',#938,#939,#1081,.T.);
#763=EDGE_CURVE('',#939,#940,#1082,.T.);
#764=EDGE_CURVE('',#940,#941,#1083,.T.);
#765=EDGE_CURVE('',#941,#942,#1084,.T.);
#766=EDGE_CURVE('',#942,#943,#73,.F.);
#767=EDGE_CURVE('',#943,#944,#74,.F.);
#768=EDGE_CURVE('',#944,#945,#75,.T.);
#769=EDGE_CURVE('',#945,#946,#76,.F.);
#770=EDGE_CURVE('',#946,#947,#77,.F.);
#771=EDGE_CURVE('',#947,#948,#78,.F.);
#772=EDGE_CURVE('',#948,#949,#1085,.T.);
#773=EDGE_CURVE('',#949,#950,#1086,.T.);
#774=EDGE_CURVE('',#950,#951,#1087,.T.);
#775=EDGE_CURVE('',#951,#952,#79,.F.);
#776=EDGE_CURVE('',#952,#953,#80,.F.);
#777=EDGE_CURVE('',#953,#954,#81,.F.);
#778=EDGE_CURVE('',#954,#955,#82,.T.);
#779=EDGE_CURVE('',#955,#932,#83,.F.);
#780=EDGE_CURVE('',#908,#932,#1088,.T.);
#781=EDGE_CURVE('',#909,#933,#1089,.T.);
#782=EDGE_CURVE('',#910,#955,#1090,.T.);
#783=EDGE_CURVE('',#911,#954,#1091,.T.);
#784=EDGE_CURVE('',#912,#953,#1092,.T.);
#785=EDGE_CURVE('',#913,#952,#1093,.T.);
#786=EDGE_CURVE('',#914,#951,#1094,.T.);
#787=EDGE_CURVE('',#915,#950,#1095,.T.);
#788=EDGE_CURVE('',#916,#949,#1096,.T.);
#789=EDGE_CURVE('',#917,#948,#1097,.T.);
#790=EDGE_CURVE('',#918,#947,#1098,.T.);
#791=EDGE_CURVE('',#919,#946,#1099,.T.);
#792=EDGE_CURVE('',#920,#945,#1100,.T.);
#793=EDGE_CURVE('',#921,#944,#1101,.T.);
#794=EDGE_CURVE('',#922,#943,#1102,.T.);
#795=EDGE_CURVE('',#923,#942,#1103,.T.);
#796=EDGE_CURVE('',#924,#941,#1104,.T.);
#797=EDGE_CURVE('',#925,#940,#1105,.T.);
#798=EDGE_CURVE('',#926,#939,#1106,.T.);
#799=EDGE_CURVE('',#927,#938,#1107,.T.);
#800=EDGE_CURVE('',#928,#937,#1108,.T.);
#801=EDGE_CURVE('',#929,#936,#1109,.T.);
#802=EDGE_CURVE('',#930,#935,#1110,.T.);
#803=EDGE_CURVE('',#931,#934,#1111,.T.);
#804=VERTEX_POINT('',#2181);
#805=VERTEX_POINT('',#2182);
#806=VERTEX_POINT('',#2184);
#807=VERTEX_POINT('',#2186);
#808=VERTEX_POINT('',#2190);
#809=VERTEX_POINT('',#2192);
#810=VERTEX_POINT('',#2196);
#811=VERTEX_POINT('',#2198);
#812=VERTEX_POINT('',#2202);
#813=VERTEX_POINT('',#2204);
#814=VERTEX_POINT('',#2208);
#815=VERTEX_POINT('',#2210);
#816=VERTEX_POINT('',#2214);
#817=VERTEX_POINT('',#2216);
#818=VERTEX_POINT('',#2220);
#819=VERTEX_POINT('',#2222);
#820=VERTEX_POINT('',#2226);
#821=VERTEX_POINT('',#2228);
#822=VERTEX_POINT('',#2232);
#823=VERTEX_POINT('',#2234);
#824=VERTEX_POINT('',#2238);
#825=VERTEX_POINT('',#2240);
#826=VERTEX_POINT('',#2244);
#827=VERTEX_POINT('',#2246);
#828=VERTEX_POINT('',#2250);
#829=VERTEX_POINT('',#2252);
#830=VERTEX_POINT('',#2256);
#831=VERTEX_POINT('',#2258);
#832=VERTEX_POINT('',#2262);
#833=VERTEX_POINT('',#2264);
#834=VERTEX_POINT('',#2268);
#835=VERTEX_POINT('',#2270);
#836=VERTEX_POINT('',#2274);
#837=VERTEX_POINT('',#2276);
#838=VERTEX_POINT('',#2280);
#839=VERTEX_POINT('',#2282);
#840=VERTEX_POINT('',#2286);
#841=VERTEX_POINT('',#2288);
#842=VERTEX_POINT('',#2292);
#843=VERTEX_POINT('',#2294);
#844=VERTEX_POINT('',#2298);
#845=VERTEX_POINT('',#2300);
#846=VERTEX_POINT('',#2304);
#847=VERTEX_POINT('',#2306);
#848=VERTEX_POINT('',#2310);
#849=VERTEX_POINT('',#2312);
#850=VERTEX_POINT('',#2316);
#851=VERTEX_POINT('',#2318);
#852=VERTEX_POINT('',#2322);
#853=VERTEX_POINT('',#2324);
#854=VERTEX_POINT('',#2328);
#855=VERTEX_POINT('',#2330);
#856=VERTEX_POINT('',#2334);
#857=VERTEX_POINT('',#2336);
#858=VERTEX_POINT('',#2340);
#859=VERTEX_POINT('',#2342);
#860=VERTEX_POINT('',#2346);
#861=VERTEX_POINT('',#2347);
#862=VERTEX_POINT('',#2349);
#863=VERTEX_POINT('',#2351);
#864=VERTEX_POINT('',#2355);
#865=VERTEX_POINT('',#2357);
#866=VERTEX_POINT('',#2361);
#867=VERTEX_POINT('',#2363);
#868=VERTEX_POINT('',#2367);
#869=VERTEX_POINT('',#2369);
#870=VERTEX_POINT('',#2373);
#871=VERTEX_POINT('',#2375);
#872=VERTEX_POINT('',#2379);
#873=VERTEX_POINT('',#2381);
#874=VERTEX_POINT('',#2385);
#875=VERTEX_POINT('',#2387);
#876=VERTEX_POINT('',#2391);
#877=VERTEX_POINT('',#2393);
#878=VERTEX_POINT('',#2397);
#879=VERTEX_POINT('',#2399);
#880=VERTEX_POINT('',#2403);
#881=VERTEX_POINT('',#2405);
#882=VERTEX_POINT('',#2409);
#883=VERTEX_POINT('',#2411);
#884=VERTEX_POINT('',#2415);
#885=VERTEX_POINT('',#2417);
#886=VERTEX_POINT('',#2421);
#887=VERTEX_POINT('',#2423);
#888=VERTEX_POINT('',#2427);
#889=VERTEX_POINT('',#2429);
#890=VERTEX_POINT('',#2433);
#891=VERTEX_POINT('',#2435);
#892=VERTEX_POINT('',#2439);
#893=VERTEX_POINT('',#2441);
#894=VERTEX_POINT('',#2445);
#895=VERTEX_POINT('',#2447);
#896=VERTEX_POINT('',#2451);
#897=VERTEX_POINT('',#2453);
#898=VERTEX_POINT('',#2457);
#899=VERTEX_POINT('',#2459);
#900=VERTEX_POINT('',#2463);
#901=VERTEX_POINT('',#2465);
#902=VERTEX_POINT('',#2469);
#903=VERTEX_POINT('',#2471);
#904=VERTEX_POINT('',#2475);
#905=VERTEX_POINT('',#2477);
#906=VERTEX_POINT('',#2481);
#907=VERTEX_POINT('',#2483);
#908=VERTEX_POINT('',#2494);
#909=VERTEX_POINT('',#2495);
#910=VERTEX_POINT('',#2497);
#911=VERTEX_POINT('',#2499);
#912=VERTEX_POINT('',#2501);
#913=VERTEX_POINT('',#2503);
#914=VERTEX_POINT('',#2505);
#915=VERTEX_POINT('',#2507);
#916=VERTEX_POINT('',#2509);
#917=VERTEX_POINT('',#2511);
#918=VERTEX_POINT('',#2513);
#919=VERTEX_POINT('',#2515);
#920=VERTEX_POINT('',#2517);
#921=VERTEX_POINT('',#2519);
#922=VERTEX_POINT('',#2521);
#923=VERTEX_POINT('',#2523);
#924=VERTEX_POINT('',#2525);
#925=VERTEX_POINT('',#2527);
#926=VERTEX_POINT('',#2529);
#927=VERTEX_POINT('',#2531);
#928=VERTEX_POINT('',#2533);
#929=VERTEX_POINT('',#2535);
#930=VERTEX_POINT('',#2537);
#931=VERTEX_POINT('',#2539);
#932=VERTEX_POINT('',#2543);
#933=VERTEX_POINT('',#2544);
#934=VERTEX_POINT('',#2546);
#935=VERTEX_POINT('',#2548);
#936=VERTEX_POINT('',#2550);
#937=VERTEX_POINT('',#2552);
#938=VERTEX_POINT('',#2554);
#939=VERTEX_POINT('',#2556);
#940=VERTEX_POINT('',#2558);
#941=VERTEX_POINT('',#2560);
#942=VERTEX_POINT('',#2562);
#943=VERTEX_POINT('',#2564);
#944=VERTEX_POINT('',#2566);
#945=VERTEX_POINT('',#2568);
#946=VERTEX_POINT('',#2570);
#947=VERTEX_POINT('',#2572);
#948=VERTEX_POINT('',#2574);
#949=VERTEX_POINT('',#2576);
#950=VERTEX_POINT('',#2578);
#951=VERTEX_POINT('',#2580);
#952=VERTEX_POINT('',#2582);
#953=VERTEX_POINT('',#2584);
#954=VERTEX_POINT('',#2586);
#955=VERTEX_POINT('',#2588);
#956=LINE('',#2180,#1112);
#957=LINE('',#2183,#1113);
#958=LINE('',#2185,#1114);
#959=LINE('',#2187,#1115);
#960=LINE('',#2189,#1116);
#961=LINE('',#2191,#1117);
#962=LINE('',#2193,#1118);
#963=LINE('',#2195,#1119);
#964=LINE('',#2197,#1120);
#965=LINE('',#2199,#1121);
#966=LINE('',#2201,#1122);
#967=LINE('',#2203,#1123);
#968=LINE('',#2205,#1124);
#969=LINE('',#2207,#1125);
#970=LINE('',#2209,#1126);
#971=LINE('',#2211,#1127);
#972=LINE('',#2213,#1128);
#973=LINE('',#2215,#1129);
#974=LINE('',#2217,#1130);
#975=LINE('',#2223,#1131);
#976=LINE('',#2229,#1132);
#977=LINE('',#2235,#1133);
#978=LINE('',#2241,#1134);
#979=LINE('',#2247,#1135);
#980=LINE('',#2253,#1136);
#981=LINE('',#2255,#1137);
#982=LINE('',#2257,#1138);
#983=LINE('',#2259,#1139);
#984=LINE('',#2261,#1140);
#985=LINE('',#2263,#1141);
#986=LINE('',#2265,#1142);
#987=LINE('',#2267,#1143);
#988=LINE('',#2269,#1144);
#989=LINE('',#2271,#1145);
#990=LINE('',#2277,#1146);
#991=LINE('',#2283,#1147);
#992=LINE('',#2289,#1148);
#993=LINE('',#2295,#1149);
#994=LINE('',#2301,#1150);
#995=LINE('',#2307,#1151);
#996=LINE('',#2309,#1152);
#997=LINE('',#2311,#1153);
#998=LINE('',#2313,#1154);
#999=LINE('',#2315,#1155);
#1000=LINE('',#2317,#1156);
#1001=LINE('',#2319,#1157);
#1002=LINE('',#2321,#1158);
#1003=LINE('',#2323,#1159);
#1004=LINE('',#2325,#1160);
#1005=LINE('',#2327,#1161);
#1006=LINE('',#2329,#1162);
#1007=LINE('',#2331,#1163);
#1008=LINE('',#2333,#1164);
#1009=LINE('',#2335,#1165);
#1010=LINE('',#2337,#1166);
#1011=LINE('',#2339,#1167);
#1012=LINE('',#2341,#1168);
#1013=LINE('',#2343,#1169);
#1014=LINE('',#2345,#1170);
#1015=LINE('',#2348,#1171);
#1016=LINE('',#2350,#1172);
#1017=LINE('',#2352,#1173);
#1018=LINE('',#2354,#1174);
#1019=LINE('',#2356,#1175);
#1020=LINE('',#2358,#1176);
#1021=LINE('',#2360,#1177);
#1022=LINE('',#2362,#1178);
#1023=LINE('',#2364,#1179);
#1024=LINE('',#2366,#1180);
#1025=LINE('',#2368,#1181);
#1026=LINE('',#2370,#1182);
#1027=LINE('',#2372,#1183);
#1028=LINE('',#2374,#1184);
#1029=LINE('',#2376,#1185);
#1030=LINE('',#2378,#1186);
#1031=LINE('',#2380,#1187);
#1032=LINE('',#2382,#1188);
#1033=LINE('',#2388,#1189);
#1034=LINE('',#2394,#1190);
#1035=LINE('',#2400,#1191);
#1036=LINE('',#2406,#1192);
#1037=LINE('',#2412,#1193);
#1038=LINE('',#2418,#1194);
#1039=LINE('',#2420,#1195);
#1040=LINE('',#2422,#1196);
#1041=LINE('',#2424,#1197);
#1042=LINE('',#2426,#1198);
#1043=LINE('',#2428,#1199);
#1044=LINE('',#2430,#1200);
#1045=LINE('',#2432,#1201);
#1046=LINE('',#2434,#1202);
#1047=LINE('',#2436,#1203);
#1048=LINE('',#2442,#1204);
#1049=LINE('',#2448,#1205);
#1050=LINE('',#2454,#1206);
#1051=LINE('',#2460,#1207);
#1052=LINE('',#2466,#1208);
#1053=LINE('',#2472,#1209);
#1054=LINE('',#2474,#1210);
#1055=LINE('',#2476,#1211);
#1056=LINE('',#2478,#1212);
#1057=LINE('',#2480,#1213);
#1058=LINE('',#2482,#1214);
#1059=LINE('',#2484,#1215);
#1060=LINE('',#2486,#1216);
#1061=LINE('',#2487,#1217);
#1062=LINE('',#2489,#1218);
#1063=LINE('',#2490,#1219);
#1064=LINE('',#2506,#1220);
#1065=LINE('',#2508,#1221);
#1066=LINE('',#2510,#1222);
#1067=LINE('',#2524,#1223);
#1068=LINE('',#2526,#1224);
#1069=LINE('',#2528,#1225);
#1070=LINE('',#2530,#1226);
#1071=LINE('',#2532,#1227);
#1072=LINE('',#2534,#1228);
#1073=LINE('',#2536,#1229);
#1074=LINE('',#2538,#1230);
#1075=LINE('',#2540,#1231);
#1076=LINE('',#2545,#1232);
#1077=LINE('',#2547,#1233);
#1078=LINE('',#2549,#1234);
#1079=LINE('',#2551,#1235);
#1080=LINE('',#2553,#1236);
#1081=LINE('',#2555,#1237);
#1082=LINE('',#2557,#1238);
#1083=LINE('',#2559,#1239);
#1084=LINE('',#2561,#1240);
#1085=LINE('',#2575,#1241);
#1086=LINE('',#2577,#1242);
#1087=LINE('',#2579,#1243);
#1088=LINE('',#2591,#1244);
#1089=LINE('',#2592,#1245);
#1090=LINE('',#2594,#1246);
#1091=LINE('',#2596,#1247);
#1092=LINE('',#2598,#1248);
#1093=LINE('',#2600,#1249);
#1094=LINE('',#2602,#1250);
#1095=LINE('',#2604,#1251);
#1096=LINE('',#2606,#1252);
#1097=LINE('',#2608,#1253);
#1098=LINE('',#2610,#1254);
#1099=LINE('',#2612,#1255);
#1100=LINE('',#2614,#1256);
#1101=LINE('',#2616,#1257);
#1102=LINE('',#2618,#1258);
#1103=LINE('',#2620,#1259);
#1104=LINE('',#2622,#1260);
#1105=LINE('',#2624,#1261);
#1106=LINE('',#2626,#1262);
#1107=LINE('',#2628,#1263);
#1108=LINE('',#2630,#1264);
#1109=LINE('',#2632,#1265);
#1110=LINE('',#2634,#1266);
#1111=LINE('',#2636,#1267);
#1112=VECTOR('',#1722,1.);
#1113=VECTOR('',#1723,1.);
#1114=VECTOR('',#1724,1.);
#1115=VECTOR('',#1725,1.);
#1116=VECTOR('',#1728,1.);
#1117=VECTOR('',#1729,1.);
#1118=VECTOR('',#1730,1.);
#1119=VECTOR('',#1733,1.);
#1120=VECTOR('',#1734,1.);
#1121=VECTOR('',#1735,1.);
#1122=VECTOR('',#1738,1.);
#1123=VECTOR('',#1739,1.);
#1124=VECTOR('',#1740,1.);
#1125=VECTOR('',#1743,1.);
#1126=VECTOR('',#1744,1.);
#1127=VECTOR('',#1745,1.);
#1128=VECTOR('',#1748,1.);
#1129=VECTOR('',#1749,1.);
#1130=VECTOR('',#1750,1.);
#1131=VECTOR('',#1757,1.);
#1132=VECTOR('',#1764,1.);
#1133=VECTOR('',#1771,1.);
#1134=VECTOR('',#1778,1.);
#1135=VECTOR('',#1785,1.);
#1136=VECTOR('',#1792,1.);
#1137=VECTOR('',#1795,1.);
#1138=VECTOR('',#1796,1.);
#1139=VECTOR('',#1797,1.);
#1140=VECTOR('',#1800,1.);
#1141=VECTOR('',#1801,1.);
#1142=VECTOR('',#1802,1.);
#1143=VECTOR('',#1805,1.);
#1144=VECTOR('',#1806,1.);
#1145=VECTOR('',#1807,1.);
#1146=VECTOR('',#1814,1.);
#1147=VECTOR('',#1821,1.);
#1148=VECTOR('',#1828,1.);
#1149=VECTOR('',#1835,1.);
#1150=VECTOR('',#1842,1.);
#1151=VECTOR('',#1849,1.);
#1152=VECTOR('',#1852,1.);
#1153=VECTOR('',#1853,1.);
#1154=VECTOR('',#1854,1.);
#1155=VECTOR('',#1857,1.);
#1156=VECTOR('',#1858,1.);
#1157=VECTOR('',#1859,1.);
#1158=VECTOR('',#1862,1.);
#1159=VECTOR('',#1863,1.);
#1160=VECTOR('',#1864,1.);
#1161=VECTOR('',#1867,1.);
#1162=VECTOR('',#1868,1.);
#1163=VECTOR('',#1869,1.);
#1164=VECTOR('',#1872,1.);
#1165=VECTOR('',#1873,1.);
#1166=VECTOR('',#1874,1.);
#1167=VECTOR('',#1877,1.);
#1168=VECTOR('',#1878,1.);
#1169=VECTOR('',#1879,1.);
#1170=VECTOR('',#1882,1.);
#1171=VECTOR('',#1883,1.);
#1172=VECTOR('',#1884,1.);
#1173=VECTOR('',#1885,1.);
#1174=VECTOR('',#1888,1.);
#1175=VECTOR('',#1889,1.);
#1176=VECTOR('',#1890,1.);
#1177=VECTOR('',#1893,1.);
#1178=VECTOR('',#1894,1.);
#1179=VECTOR('',#1895,1.);
#1180=VECTOR('',#1898,1.);
#1181=VECTOR('',#1899,1.);
#1182=VECTOR('',#1900,1.);
#1183=VECTOR('',#1903,1.);
#1184=VECTOR('',#1904,1.);
#1185=VECTOR('',#1905,1.);
#1186=VECTOR('',#1908,1.);
#1187=VECTOR('',#1909,1.);
#1188=VECTOR('',#1910,1.);
#1189=VECTOR('',#1917,1.);
#1190=VECTOR('',#1924,1.);
#1191=VECTOR('',#1931,1.);
#1192=VECTOR('',#1938,1.);
#1193=VECTOR('',#1945,1.);
#1194=VECTOR('',#1952,1.);
#1195=VECTOR('',#1955,1.);
#1196=VECTOR('',#1956,1.);
#1197=VECTOR('',#1957,1.);
#1198=VECTOR('',#1960,1.);
#1199=VECTOR('',#1961,1.);
#1200=VECTOR('',#1962,1.);
#1201=VECTOR('',#1965,1.);
#1202=VECTOR('',#1966,1.);
#1203=VECTOR('',#1967,1.);
#1204=VECTOR('',#1974,1.);
#1205=VECTOR('',#1981,1.);
#1206=VECTOR('',#1988,1.);
#1207=VECTOR('',#1995,1.);
#1208=VECTOR('',#2002,1.);
#1209=VECTOR('',#2009,1.);
#1210=VECTOR('',#2012,1.);
#1211=VECTOR('',#2013,1.);
#1212=VECTOR('',#2014,1.);
#1213=VECTOR('',#2017,1.);
#1214=VECTOR('',#2018,1.);
#1215=VECTOR('',#2019,1.);
#1216=VECTOR('',#2022,1.);
#1217=VECTOR('',#2023,1.);
#1218=VECTOR('',#2026,1.);
#1219=VECTOR('',#2027,1.);
#1220=VECTOR('',#2044,1.);
#1221=VECTOR('',#2045,1.);
#1222=VECTOR('',#2046,1.);
#1223=VECTOR('',#2059,1.);
#1224=VECTOR('',#2060,1.);
#1225=VECTOR('',#2061,1.);
#1226=VECTOR('',#2062,1.);
#1227=VECTOR('',#2063,1.);
#1228=VECTOR('',#2064,1.);
#1229=VECTOR('',#2065,1.);
#1230=VECTOR('',#2066,1.);
#1231=VECTOR('',#2067,1.);
#1232=VECTOR('',#2072,1.);
#1233=VECTOR('',#2073,1.);
#1234=VECTOR('',#2074,1.);
#1235=VECTOR('',#2075,1.);
#1236=VECTOR('',#2076,1.);
#1237=VECTOR('',#2077,1.);
#1238=VECTOR('',#2078,1.);
#1239=VECTOR('',#2079,1.);
#1240=VECTOR('',#2080,1.);
#1241=VECTOR('',#2093,1.);
#1242=VECTOR('',#2094,1.);
#1243=VECTOR('',#2095,1.);
#1244=VECTOR('',#2108,1.);
#1245=VECTOR('',#2109,1.);
#1246=VECTOR('',#2112,1.);
#1247=VECTOR('',#2115,1.);
#1248=VECTOR('',#2118,1.);
#1249=VECTOR('',#2121,1.);
#1250=VECTOR('',#2124,1.);
#1251=VECTOR('',#2127,1.);
#1252=VECTOR('',#2130,1.);
#1253=VECTOR('',#2133,1.);
#1254=VECTOR('',#2136,1.);
#1255=VECTOR('',#2139,1.);
#1256=VECTOR('',#2142,1.);
#1257=VECTOR('',#2145,1.);
#1258=VECTOR('',#2148,1.);
#1259=VECTOR('',#2151,1.);
#1260=VECTOR('',#2154,1.);
#1261=VECTOR('',#2157,1.);
#1262=VECTOR('',#2160,1.);
#1263=VECTOR('',#2163,1.);
#1264=VECTOR('',#2166,1.);
#1265=VECTOR('',#2169,1.);
#1266=VECTOR('',#2172,1.);
#1267=VECTOR('',#2175,1.);
#1268=EDGE_LOOP('',(#120,#121,#122,#123));
#1269=EDGE_LOOP('',(#124,#125,#126,#127));
#1270=EDGE_LOOP('',(#128,#129,#130,#131));
#1271=EDGE_LOOP('',(#132,#133,#134,#135));
#1272=EDGE_LOOP('',(#136,#137,#138,#139));
#1273=EDGE_LOOP('',(#140,#141,#142,#143));
#1274=EDGE_LOOP('',(#144,#145,#146,#147));
#1275=EDGE_LOOP('',(#148,#149,#150,#151));
#1276=EDGE_LOOP('',(#152,#153,#154,#155));
#1277=EDGE_LOOP('',(#156,#157,#158,#159));
#1278=EDGE_LOOP('',(#160,#161,#162,#163));
#1279=EDGE_LOOP('',(#164,#165,#166,#167));
#1280=EDGE_LOOP('',(#168,#169,#170,#171));
#1281=EDGE_LOOP('',(#172,#173,#174,#175));
#1282=EDGE_LOOP('',(#176,#177,#178,#179));
#1283=EDGE_LOOP('',(#180,#181,#182,#183));
#1284=EDGE_LOOP('',(#184,#185,#186,#187));
#1285=EDGE_LOOP('',(#188,#189,#190,#191));
#1286=EDGE_LOOP('',(#192,#193,#194,#195));
#1287=EDGE_LOOP('',(#196,#197,#198,#199));
#1288=EDGE_LOOP('',(#200,#201,#202,#203));
#1289=EDGE_LOOP('',(#204,#205,#206,#207));
#1290=EDGE_LOOP('',(#208,#209,#210,#211));
#1291=EDGE_LOOP('',(#212,#213,#214,#215));
#1292=EDGE_LOOP('',(#216,#217,#218,#219));
#1293=EDGE_LOOP('',(#220,#221,#222,#223));
#1294=EDGE_LOOP('',(#224,#225,#226,#227));
#1295=EDGE_LOOP('',(#228,#229,#230,#231));
#1296=EDGE_LOOP('',(#232,#233,#234,#235));
#1297=EDGE_LOOP('',(#236,#237,#238,#239));
#1298=EDGE_LOOP('',(#240,#241,#242,#243));
#1299=EDGE_LOOP('',(#244,#245,#246,#247));
#1300=EDGE_LOOP('',(#248,#249,#250,#251));
#1301=EDGE_LOOP('',(#252,#253,#254,#255));
#1302=EDGE_LOOP('',(#256,#257,#258,#259));
#1303=EDGE_LOOP('',(#260,#261,#262,#263));
#1304=EDGE_LOOP('',(#264,#265,#266,#267));
#1305=EDGE_LOOP('',(#268,#269,#270,#271));
#1306=EDGE_LOOP('',(#272,#273,#274,#275));
#1307=EDGE_LOOP('',(#276,#277,#278,#279));
#1308=EDGE_LOOP('',(#280,#281,#282,#283));
#1309=EDGE_LOOP('',(#284,#285,#286,#287));
#1310=EDGE_LOOP('',(#288,#289,#290,#291));
#1311=EDGE_LOOP('',(#292,#293,#294,#295));
#1312=EDGE_LOOP('',(#296,#297,#298,#299));
#1313=EDGE_LOOP('',(#300,#301,#302,#303));
#1314=EDGE_LOOP('',(#304,#305,#306,#307));
#1315=EDGE_LOOP('',(#308,#309,#310,#311));
#1316=EDGE_LOOP('',(#312,#313,#314,#315));
#1317=EDGE_LOOP('',(#316,#317,#318,#319));
#1318=EDGE_LOOP('',(#320,#321,#322,#323));
#1319=EDGE_LOOP('',(#324,#325,#326,#327));
#1320=EDGE_LOOP('',(#328,#329,#330,#331,#332,#333,#334,#335,#336,#337,#338,
#339,#340,#341,#342,#343,#344,#345,#346,#347,#348,#349,#350,#351));
#1321=EDGE_LOOP('',(#352,#353,#354,#355,#356,#357,#358,#359,#360,#361,#362,
#363,#364,#365,#366,#367,#368,#369,#370,#371,#372,#373,#374,#375,#376,#377,
#378,#379));
#1322=EDGE_LOOP('',(#380,#381,#382,#383,#384,#385,#386,#387,#388,#389,#390,
#391,#392,#393,#394,#395,#396,#397,#398,#399,#400,#401,#402,#403,#404,#405,
#406,#407));
#1323=EDGE_LOOP('',(#408,#409,#410,#411,#412,#413,#414,#415,#416,#417,#418,
#419,#420,#421,#422,#423,#424,#425,#426,#427,#428,#429,#430,#431));
#1324=EDGE_LOOP('',(#432,#433,#434,#435,#436,#437,#438,#439,#440,#441,#442,
#443,#444,#445,#446,#447,#448,#449,#450,#451,#452,#453,#454,#455));
#1325=EDGE_LOOP('',(#456,#457,#458,#459,#460,#461,#462,#463,#464,#465,#466,
#467,#468,#469,#470,#471,#472,#473,#474,#475,#476,#477,#478,#479));
#1326=EDGE_LOOP('',(#480,#481,#482,#483));
#1327=EDGE_LOOP('',(#484,#485,#486,#487));
#1328=EDGE_LOOP('',(#488,#489,#490,#491));
#1329=EDGE_LOOP('',(#492,#493,#494,#495));
#1330=EDGE_LOOP('',(#496,#497,#498,#499));
#1331=EDGE_LOOP('',(#500,#501,#502,#503));
#1332=EDGE_LOOP('',(#504,#505,#506,#507));
#1333=EDGE_LOOP('',(#508,#509,#510,#511));
#1334=EDGE_LOOP('',(#512,#513,#514,#515));
#1335=EDGE_LOOP('',(#516,#517,#518,#519));
#1336=EDGE_LOOP('',(#520,#521,#522,#523));
#1337=EDGE_LOOP('',(#524,#525,#526,#527));
#1338=EDGE_LOOP('',(#528,#529,#530,#531));
#1339=EDGE_LOOP('',(#532,#533,#534,#535));
#1340=EDGE_LOOP('',(#536,#537,#538,#539));
#1341=EDGE_LOOP('',(#540,#541,#542,#543));
#1342=EDGE_LOOP('',(#544,#545,#546,#547));
#1343=EDGE_LOOP('',(#548,#549,#550,#551));
#1344=EDGE_LOOP('',(#552,#553,#554,#555));
#1345=EDGE_LOOP('',(#556,#557,#558,#559));
#1346=EDGE_LOOP('',(#560,#561,#562,#563));
#1347=EDGE_LOOP('',(#564,#565,#566,#567));
#1348=EDGE_LOOP('',(#568,#569,#570,#571));
#1349=EDGE_LOOP('',(#572,#573,#574,#575));
#1350=FACE_BOUND('',#1268,.T.);
#1351=FACE_BOUND('',#1269,.T.);
#1352=FACE_BOUND('',#1270,.T.);
#1353=FACE_BOUND('',#1271,.T.);
#1354=FACE_BOUND('',#1272,.T.);
#1355=FACE_BOUND('',#1273,.T.);
#1356=FACE_BOUND('',#1274,.T.);
#1357=FACE_BOUND('',#1275,.T.);
#1358=FACE_BOUND('',#1276,.T.);
#1359=FACE_BOUND('',#1277,.T.);
#1360=FACE_BOUND('',#1278,.T.);
#1361=FACE_BOUND('',#1279,.T.);
#1362=FACE_BOUND('',#1280,.T.);
#1363=FACE_BOUND('',#1281,.T.);
#1364=FACE_BOUND('',#1282,.T.);
#1365=FACE_BOUND('',#1283,.T.);
#1366=FACE_BOUND('',#1284,.T.);
#1367=FACE_BOUND('',#1285,.T.);
#1368=FACE_BOUND('',#1286,.T.);
#1369=FACE_BOUND('',#1287,.T.);
#1370=FACE_BOUND('',#1288,.T.);
#1371=FACE_BOUND('',#1289,.T.);
#1372=FACE_BOUND('',#1290,.T.);
#1373=FACE_BOUND('',#1291,.T.);
#1374=FACE_BOUND('',#1292,.T.);
#1375=FACE_BOUND('',#1293,.T.);
#1376=FACE_BOUND('',#1294,.T.);
#1377=FACE_BOUND('',#1295,.T.);
#1378=FACE_BOUND('',#1296,.T.);
#1379=FACE_BOUND('',#1297,.T.);
#1380=FACE_BOUND('',#1298,.T.);
#1381=FACE_BOUND('',#1299,.T.);
#1382=FACE_BOUND('',#1300,.T.);
#1383=FACE_BOUND('',#1301,.T.);
#1384=FACE_BOUND('',#1302,.T.);
#1385=FACE_BOUND('',#1303,.T.);
#1386=FACE_BOUND('',#1304,.T.);
#1387=FACE_BOUND('',#1305,.T.);
#1388=FACE_BOUND('',#1306,.T.);
#1389=FACE_BOUND('',#1307,.T.);
#1390=FACE_BOUND('',#1308,.T.);
#1391=FACE_BOUND('',#1309,.T.);
#1392=FACE_BOUND('',#1310,.T.);
#1393=FACE_BOUND('',#1311,.T.);
#1394=FACE_BOUND('',#1312,.T.);
#1395=FACE_BOUND('',#1313,.T.);
#1396=FACE_BOUND('',#1314,.T.);
#1397=FACE_BOUND('',#1315,.T.);
#1398=FACE_BOUND('',#1316,.T.);
#1399=FACE_BOUND('',#1317,.T.);
#1400=FACE_BOUND('',#1318,.T.);
#1401=FACE_BOUND('',#1319,.T.);
#1402=FACE_BOUND('',#1320,.T.);
#1403=FACE_BOUND('',#1321,.T.);
#1404=FACE_BOUND('',#1322,.T.);
#1405=FACE_BOUND('',#1323,.T.);
#1406=FACE_BOUND('',#1324,.T.);
#1407=FACE_BOUND('',#1325,.T.);
#1408=FACE_BOUND('',#1326,.T.);
#1409=FACE_BOUND('',#1327,.T.);
#1410=FACE_BOUND('',#1328,.T.);
#1411=FACE_BOUND('',#1329,.T.);
#1412=FACE_BOUND('',#1330,.T.);
#1413=FACE_BOUND('',#1331,.T.);
#1414=FACE_BOUND('',#1332,.T.);
#1415=FACE_BOUND('',#1333,.T.);
#1416=FACE_BOUND('',#1334,.T.);
#1417=FACE_BOUND('',#1335,.T.);
#1418=FACE_BOUND('',#1336,.T.);
#1419=FACE_BOUND('',#1337,.T.);
#1420=FACE_BOUND('',#1338,.T.);
#1421=FACE_BOUND('',#1339,.T.);
#1422=FACE_BOUND('',#1340,.T.);
#1423=FACE_BOUND('',#1341,.T.);
#1424=FACE_BOUND('',#1342,.T.);
#1425=FACE_BOUND('',#1343,.T.);
#1426=FACE_BOUND('',#1344,.T.);
#1427=FACE_BOUND('',#1345,.T.);
#1428=FACE_BOUND('',#1346,.T.);
#1429=FACE_BOUND('',#1347,.T.);
#1430=FACE_BOUND('',#1348,.T.);
#1431=FACE_BOUND('',#1349,.T.);
#1432=PLANE('',#1567);
#1433=PLANE('',#1568);
#1434=PLANE('',#1569);
#1435=PLANE('',#1570);
#1436=PLANE('',#1571);
#1437=PLANE('',#1572);
#1438=PLANE('',#1591);
#1439=PLANE('',#1592);
#1440=PLANE('',#1593);
#1441=PLANE('',#1612);
#1442=PLANE('',#1613);
#1443=PLANE('',#1614);
#1444=PLANE('',#1615);
#1445=PLANE('',#1616);
#1446=PLANE('',#1617);
#1447=PLANE('',#1618);
#1448=PLANE('',#1619);
#1449=PLANE('',#1620);
#1450=PLANE('',#1621);
#1451=PLANE('',#1622);
#1452=PLANE('',#1623);
#1453=PLANE('',#1642);
#1454=PLANE('',#1643);
#1455=PLANE('',#1644);
#1456=PLANE('',#1663);
#1457=PLANE('',#1664);
#1458=PLANE('',#1665);
#1459=PLANE('',#1666);
#1460=PLANE('',#1667);
#1461=PLANE('',#1668);
#1462=PLANE('',#1681);
#1463=PLANE('',#1700);
#1464=PLANE('',#1701);
#1465=PLANE('',#1702);
#1466=PLANE('',#1709);
#1467=PLANE('',#1710);
#1468=PLANE('',#1711);
#1469=PLANE('',#1712);
#1470=PLANE('',#1713);
#1471=PLANE('',#1714);
#1472=PLANE('',#1715);
#1473=PLANE('',#1716);
#1474=PLANE('',#1717);
#1475=ADVANCED_FACE('',(#1350),#1432,.F.);
#1476=ADVANCED_FACE('',(#1351),#1433,.F.);
#1477=ADVANCED_FACE('',(#1352),#1434,.F.);
#1478=ADVANCED_FACE('',(#1353),#1435,.F.);
#1479=ADVANCED_FACE('',(#1354),#1436,.F.);
#1480=ADVANCED_FACE('',(#1355),#1437,.F.);
#1481=ADVANCED_FACE('',(#1356),#84,.F.);
#1482=ADVANCED_FACE('',(#1357),#85,.F.);
#1483=ADVANCED_FACE('',(#1358),#86,.T.);
#1484=ADVANCED_FACE('',(#1359),#87,.F.);
#1485=ADVANCED_FACE('',(#1360),#88,.F.);
#1486=ADVANCED_FACE('',(#1361),#89,.F.);
#1487=ADVANCED_FACE('',(#1362),#1438,.F.);
#1488=ADVANCED_FACE('',(#1363),#1439,.F.);
#1489=ADVANCED_FACE('',(#1364),#1440,.F.);
#1490=ADVANCED_FACE('',(#1365),#90,.F.);
#1491=ADVANCED_FACE('',(#1366),#91,.F.);
#1492=ADVANCED_FACE('',(#1367),#92,.F.);
#1493=ADVANCED_FACE('',(#1368),#93,.T.);
#1494=ADVANCED_FACE('',(#1369),#94,.F.);
#1495=ADVANCED_FACE('',(#1370),#95,.F.);
#1496=ADVANCED_FACE('',(#1371),#1441,.F.);
#1497=ADVANCED_FACE('',(#1372),#1442,.F.);
#1498=ADVANCED_FACE('',(#1373),#1443,.F.);
#1499=ADVANCED_FACE('',(#1374),#1444,.F.);
#1500=ADVANCED_FACE('',(#1375),#1445,.F.);
#1501=ADVANCED_FACE('',(#1376),#1446,.F.);
#1502=ADVANCED_FACE('',(#1377),#1447,.T.);
#1503=ADVANCED_FACE('',(#1378),#1448,.T.);
#1504=ADVANCED_FACE('',(#1379),#1449,.T.);
#1505=ADVANCED_FACE('',(#1380),#1450,.T.);
#1506=ADVANCED_FACE('',(#1381),#1451,.T.);
#1507=ADVANCED_FACE('',(#1382),#1452,.T.);
#1508=ADVANCED_FACE('',(#1383),#96,.T.);
#1509=ADVANCED_FACE('',(#1384),#97,.T.);
#1510=ADVANCED_FACE('',(#1385),#98,.F.);
#1511=ADVANCED_FACE('',(#1386),#99,.T.);
#1512=ADVANCED_FACE('',(#1387),#100,.T.);
#1513=ADVANCED_FACE('',(#1388),#101,.T.);
#1514=ADVANCED_FACE('',(#1389),#1453,.T.);
#1515=ADVANCED_FACE('',(#1390),#1454,.T.);
#1516=ADVANCED_FACE('',(#1391),#1455,.T.);
#1517=ADVANCED_FACE('',(#1392),#102,.T.);
#1518=ADVANCED_FACE('',(#1393),#103,.T.);
#1519=ADVANCED_FACE('',(#1394),#104,.T.);
#1520=ADVANCED_FACE('',(#1395),#105,.F.);
#1521=ADVANCED_FACE('',(#1396),#106,.T.);
#1522=ADVANCED_FACE('',(#1397),#107,.T.);
#1523=ADVANCED_FACE('',(#1398),#1456,.T.);
#1524=ADVANCED_FACE('',(#1399),#1457,.T.);
#1525=ADVANCED_FACE('',(#1400),#1458,.T.);
#1526=ADVANCED_FACE('',(#1401),#1459,.F.);
#1527=ADVANCED_FACE('',(#1402,#1403),#1460,.F.);
#1528=ADVANCED_FACE('',(#1404,#1405),#1461,.T.);
#1529=ADVANCED_FACE('',(#1406,#1407),#1462,.F.);
#1530=ADVANCED_FACE('',(#1408),#108,.T.);
#1531=ADVANCED_FACE('',(#1409),#109,.T.);
#1532=ADVANCED_FACE('',(#1410),#110,.F.);
#1533=ADVANCED_FACE('',(#1411),#111,.T.);
#1534=ADVANCED_FACE('',(#1412),#112,.T.);
#1535=ADVANCED_FACE('',(#1413),#113,.T.);
#1536=ADVANCED_FACE('',(#1414),#1463,.T.);
#1537=ADVANCED_FACE('',(#1415),#1464,.T.);
#1538=ADVANCED_FACE('',(#1416),#1465,.T.);
#1539=ADVANCED_FACE('',(#1417),#114,.T.);
#1540=ADVANCED_FACE('',(#1418),#115,.T.);
#1541=ADVANCED_FACE('',(#1419),#116,.T.);
#1542=ADVANCED_FACE('',(#1420),#117,.F.);
#1543=ADVANCED_FACE('',(#1421),#118,.T.);
#1544=ADVANCED_FACE('',(#1422),#119,.T.);
#1545=ADVANCED_FACE('',(#1423),#1466,.T.);
#1546=ADVANCED_FACE('',(#1424),#1467,.T.);
#1547=ADVANCED_FACE('',(#1425),#1468,.T.);
#1548=ADVANCED_FACE('',(#1426),#1469,.T.);
#1549=ADVANCED_FACE('',(#1427),#1470,.T.);
#1550=ADVANCED_FACE('',(#1428),#1471,.T.);
#1551=ADVANCED_FACE('',(#1429),#1472,.T.);
#1552=ADVANCED_FACE('',(#1430),#1473,.T.);
#1553=ADVANCED_FACE('',(#1431),#1474,.T.);
#1554=CLOSED_SHELL('',(#1475,#1476,#1477,#1478,#1479,#1480,#1481,#1482,
#1483,#1484,#1485,#1486,#1487,#1488,#1489,#1490,#1491,#1492,#1493,#1494,
#1495,#1496,#1497,#1498,#1499,#1500,#1501,#1502,#1503,#1504,#1505,#1506,
#1507,#1508,#1509,#1510,#1511,#1512,#1513,#1514,#1515,#1516,#1517,#1518,
#1519,#1520,#1521,#1522,#1523,#1524,#1525,#1526,#1527,#1528,#1529,#1530,
#1531,#1532,#1533,#1534,#1535,#1536,#1537,#1538,#1539,#1540,#1541,#1542,
#1543,#1544,#1545,#1546,#1547,#1548,#1549,#1550,#1551,#1552,#1553));
#1555=STYLED_ITEM('',(#1556),#1563);
#1556=PRESENTATION_STYLE_ASSIGNMENT((#1557));
#1557=SURFACE_STYLE_USAGE(.BOTH.,#1558);
#1558=SURFACE_SIDE_STYLE('',(#1559));
#1559=SURFACE_STYLE_FILL_AREA(#1560);
#1560=FILL_AREA_STYLE('',(#1561));
#1561=FILL_AREA_STYLE_COLOUR('',#1562);
#1562=COLOUR_RGB('',0.615686274509804,0.811764705882353,0.929411764705882);
#1563=MANIFOLD_SOLID_BREP('Part 1',#1554);
#1564=SHAPE_DEFINITION_REPRESENTATION(#2644,#1565);
#1565=SHAPE_REPRESENTATION('Part 1',(#1566),#2639);
#1566=AXIS2_PLACEMENT_3D('',#2178,#1718,#1719);
#1567=AXIS2_PLACEMENT_3D('',#2179,#1720,#1721);
#1568=AXIS2_PLACEMENT_3D('',#2188,#1726,#1727);
#1569=AXIS2_PLACEMENT_3D('',#2194,#1731,#1732);
#1570=AXIS2_PLACEMENT_3D('',#2200,#1736,#1737);
#1571=AXIS2_PLACEMENT_3D('',#2206,#1741,#1742);
#1572=AXIS2_PLACEMENT_3D('',#2212,#1746,#1747);
#1573=AXIS2_PLACEMENT_3D('',#2218,#1751,#1752);
#1574=AXIS2_PLACEMENT_3D('',#2219,#1753,#1754);
#1575=AXIS2_PLACEMENT_3D('',#2221,#1755,#1756);
#1576=AXIS2_PLACEMENT_3D('',#2224,#1758,#1759);
#1577=AXIS2_PLACEMENT_3D('',#2225,#1760,#1761);
#1578=AXIS2_PLACEMENT_3D('',#2227,#1762,#1763);
#1579=AXIS2_PLACEMENT_3D('',#2230,#1765,#1766);
#1580=AXIS2_PLACEMENT_3D('',#2231,#1767,#1768);
#1581=AXIS2_PLACEMENT_3D('',#2233,#1769,#1770);
#1582=AXIS2_PLACEMENT_3D('',#2236,#1772,#1773);
#1583=AXIS2_PLACEMENT_3D('',#2237,#1774,#1775);
#1584=AXIS2_PLACEMENT_3D('',#2239,#1776,#1777);
#1585=AXIS2_PLACEMENT_3D('',#2242,#1779,#1780);
#1586=AXIS2_PLACEMENT_3D('',#2243,#1781,#1782);
#1587=AXIS2_PLACEMENT_3D('',#2245,#1783,#1784);
#1588=AXIS2_PLACEMENT_3D('',#2248,#1786,#1787);
#1589=AXIS2_PLACEMENT_3D('',#2249,#1788,#1789);
#1590=AXIS2_PLACEMENT_3D('',#2251,#1790,#1791);
#1591=AXIS2_PLACEMENT_3D('',#2254,#1793,#1794);
#1592=AXIS2_PLACEMENT_3D('',#2260,#1798,#1799);
#1593=AXIS2_PLACEMENT_3D('',#2266,#1803,#1804);
#1594=AXIS2_PLACEMENT_3D('',#2272,#1808,#1809);
#1595=AXIS2_PLACEMENT_3D('',#2273,#1810,#1811);
#1596=AXIS2_PLACEMENT_3D('',#2275,#1812,#1813);
#1597=AXIS2_PLACEMENT_3D('',#2278,#1815,#1816);
#1598=AXIS2_PLACEMENT_3D('',#2279,#1817,#1818);
#1599=AXIS2_PLACEMENT_3D('',#2281,#1819,#1820);
#1600=AXIS2_PLACEMENT_3D('',#2284,#1822,#1823);
#1601=AXIS2_PLACEMENT_3D('',#2285,#1824,#1825);
#1602=AXIS2_PLACEMENT_3D('',#2287,#1826,#1827);
#1603=AXIS2_PLACEMENT_3D('',#2290,#1829,#1830);
#1604=AXIS2_PLACEMENT_3D('',#2291,#1831,#1832);
#1605=AXIS2_PLACEMENT_3D('',#2293,#1833,#1834);
#1606=AXIS2_PLACEMENT_3D('',#2296,#1836,#1837);
#1607=AXIS2_PLACEMENT_3D('',#2297,#1838,#1839);
#1608=AXIS2_PLACEMENT_3D('',#2299,#1840,#1841);
#1609=AXIS2_PLACEMENT_3D('',#2302,#1843,#1844);
#1610=AXIS2_PLACEMENT_3D('',#2303,#1845,#1846);
#1611=AXIS2_PLACEMENT_3D('',#2305,#1847,#1848);
#1612=AXIS2_PLACEMENT_3D('',#2308,#1850,#1851);
#1613=AXIS2_PLACEMENT_3D('',#2314,#1855,#1856);
#1614=AXIS2_PLACEMENT_3D('',#2320,#1860,#1861);
#1615=AXIS2_PLACEMENT_3D('',#2326,#1865,#1866);
#1616=AXIS2_PLACEMENT_3D('',#2332,#1870,#1871);
#1617=AXIS2_PLACEMENT_3D('',#2338,#1875,#1876);
#1618=AXIS2_PLACEMENT_3D('',#2344,#1880,#1881);
#1619=AXIS2_PLACEMENT_3D('',#2353,#1886,#1887);
#1620=AXIS2_PLACEMENT_3D('',#2359,#1891,#1892);
#1621=AXIS2_PLACEMENT_3D('',#2365,#1896,#1897);
#1622=AXIS2_PLACEMENT_3D('',#2371,#1901,#1902);
#1623=AXIS2_PLACEMENT_3D('',#2377,#1906,#1907);
#1624=AXIS2_PLACEMENT_3D('',#2383,#1911,#1912);
#1625=AXIS2_PLACEMENT_3D('',#2384,#1913,#1914);
#1626=AXIS2_PLACEMENT_3D('',#2386,#1915,#1916);
#1627=AXIS2_PLACEMENT_3D('',#2389,#1918,#1919);
#1628=AXIS2_PLACEMENT_3D('',#2390,#1920,#1921);
#1629=AXIS2_PLACEMENT_3D('',#2392,#1922,#1923);
#1630=AXIS2_PLACEMENT_3D('',#2395,#1925,#1926);
#1631=AXIS2_PLACEMENT_3D('',#2396,#1927,#1928);
#1632=AXIS2_PLACEMENT_3D('',#2398,#1929,#1930);
#1633=AXIS2_PLACEMENT_3D('',#2401,#1932,#1933);
#1634=AXIS2_PLACEMENT_3D('',#2402,#1934,#1935);
#1635=AXIS2_PLACEMENT_3D('',#2404,#1936,#1937);
#1636=AXIS2_PLACEMENT_3D('',#2407,#1939,#1940);
#1637=AXIS2_PLACEMENT_3D('',#2408,#1941,#1942);
#1638=AXIS2_PLACEMENT_3D('',#2410,#1943,#1944);
#1639=AXIS2_PLACEMENT_3D('',#2413,#1946,#1947);
#1640=AXIS2_PLACEMENT_3D('',#2414,#1948,#1949);
#1641=AXIS2_PLACEMENT_3D('',#2416,#1950,#1951);
#1642=AXIS2_PLACEMENT_3D('',#2419,#1953,#1954);
#1643=AXIS2_PLACEMENT_3D('',#2425,#1958,#1959);
#1644=AXIS2_PLACEMENT_3D('',#2431,#1963,#1964);
#1645=AXIS2_PLACEMENT_3D('',#2437,#1968,#1969);
#1646=AXIS2_PLACEMENT_3D('',#2438,#1970,#1971);
#1647=AXIS2_PLACEMENT_3D('',#2440,#1972,#1973);
#1648=AXIS2_PLACEMENT_3D('',#2443,#1975,#1976);
#1649=AXIS2_PLACEMENT_3D('',#2444,#1977,#1978);
#1650=AXIS2_PLACEMENT_3D('',#2446,#1979,#1980);
#1651=AXIS2_PLACEMENT_3D('',#2449,#1982,#1983);
#1652=AXIS2_PLACEMENT_3D('',#2450,#1984,#1985);
#1653=AXIS2_PLACEMENT_3D('',#2452,#1986,#1987);
#1654=AXIS2_PLACEMENT_3D('',#2455,#1989,#1990);
#1655=AXIS2_PLACEMENT_3D('',#2456,#1991,#1992);
#1656=AXIS2_PLACEMENT_3D('',#2458,#1993,#1994);
#1657=AXIS2_PLACEMENT_3D('',#2461,#1996,#1997);
#1658=AXIS2_PLACEMENT_3D('',#2462,#1998,#1999);
#1659=AXIS2_PLACEMENT_3D('',#2464,#2000,#2001);
#1660=AXIS2_PLACEMENT_3D('',#2467,#2003,#2004);
#1661=AXIS2_PLACEMENT_3D('',#2468,#2005,#2006);
#1662=AXIS2_PLACEMENT_3D('',#2470,#2007,#2008);
#1663=AXIS2_PLACEMENT_3D('',#2473,#2010,#2011);
#1664=AXIS2_PLACEMENT_3D('',#2479,#2015,#2016);
#1665=AXIS2_PLACEMENT_3D('',#2485,#2020,#2021);
#1666=AXIS2_PLACEMENT_3D('',#2488,#2024,#2025);
#1667=AXIS2_PLACEMENT_3D('',#2491,#2028,#2029);
#1668=AXIS2_PLACEMENT_3D('',#2492,#2030,#2031);
#1669=AXIS2_PLACEMENT_3D('',#2493,#2032,#2033);
#1670=AXIS2_PLACEMENT_3D('',#2496,#2034,#2035);
#1671=AXIS2_PLACEMENT_3D('',#2498,#2036,#2037);
#1672=AXIS2_PLACEMENT_3D('',#2500,#2038,#2039);
#1673=AXIS2_PLACEMENT_3D('',#2502,#2040,#2041);
#1674=AXIS2_PLACEMENT_3D('',#2504,#2042,#2043);
#1675=AXIS2_PLACEMENT_3D('',#2512,#2047,#2048);
#1676=AXIS2_PLACEMENT_3D('',#2514,#2049,#2050);
#1677=AXIS2_PLACEMENT_3D('',#2516,#2051,#2052);
#1678=AXIS2_PLACEMENT_3D('',#2518,#2053,#2054);
#1679=AXIS2_PLACEMENT_3D('',#2520,#2055,#2056);
#1680=AXIS2_PLACEMENT_3D('',#2522,#2057,#2058);
#1681=AXIS2_PLACEMENT_3D('',#2541,#2068,#2069);
#1682=AXIS2_PLACEMENT_3D('',#2542,#2070,#2071);
#1683=AXIS2_PLACEMENT_3D('',#2563,#2081,#2082);
#1684=AXIS2_PLACEMENT_3D('',#2565,#2083,#2084);
#1685=AXIS2_PLACEMENT_3D('',#2567,#2085,#2086);
#1686=AXIS2_PLACEMENT_3D('',#2569,#2087,#2088);
#1687=AXIS2_PLACEMENT_3D('',#2571,#2089,#2090);
#1688=AXIS2_PLACEMENT_3D('',#2573,#2091,#2092);
#1689=AXIS2_PLACEMENT_3D('',#2581,#2096,#2097);
#1690=AXIS2_PLACEMENT_3D('',#2583,#2098,#2099);
#1691=AXIS2_PLACEMENT_3D('',#2585,#2100,#2101);
#1692=AXIS2_PLACEMENT_3D('',#2587,#2102,#2103);
#1693=AXIS2_PLACEMENT_3D('',#2589,#2104,#2105);
#1694=AXIS2_PLACEMENT_3D('',#2590,#2106,#2107);
#1695=AXIS2_PLACEMENT_3D('',#2593,#2110,#2111);
#1696=AXIS2_PLACEMENT_3D('',#2595,#2113,#2114);
#1697=AXIS2_PLACEMENT_3D('',#2597,#2116,#2117);
#1698=AXIS2_PLACEMENT_3D('',#2599,#2119,#2120);
#1699=AXIS2_PLACEMENT_3D('',#2601,#2122,#2123);
#1700=AXIS2_PLACEMENT_3D('',#2603,#2125,#2126);
#1701=AXIS2_PLACEMENT_3D('',#2605,#2128,#2129);
#1702=AXIS2_PLACEMENT_3D('',#2607,#2131,#2132);
#1703=AXIS2_PLACEMENT_3D('',#2609,#2134,#2135);
#1704=AXIS2_PLACEMENT_3D('',#2611,#2137,#2138);
#1705=AXIS2_PLACEMENT_3D('',#2613,#2140,#2141);
#1706=AXIS2_PLACEMENT_3D('',#2615,#2143,#2144);
#1707=AXIS2_PLACEMENT_3D('',#2617,#2146,#2147);
#1708=AXIS2_PLACEMENT_3D('',#2619,#2149,#2150);
#1709=AXIS2_PLACEMENT_3D('',#2621,#2152,#2153);
#1710=AXIS2_PLACEMENT_3D('',#2623,#2155,#2156);
#1711=AXIS2_PLACEMENT_3D('',#2625,#2158,#2159);
#1712=AXIS2_PLACEMENT_3D('',#2627,#2161,#2162);
#1713=AXIS2_PLACEMENT_3D('',#2629,#2164,#2165);
#1714=AXIS2_PLACEMENT_3D('',#2631,#2167,#2168);
#1715=AXIS2_PLACEMENT_3D('',#2633,#2170,#2171);
#1716=AXIS2_PLACEMENT_3D('',#2635,#2173,#2174);
#1717=AXIS2_PLACEMENT_3D('',#2637,#2176,#2177);
#1718=DIRECTION('',(0.,0.,1.));
#1719=DIRECTION('',(1.,0.,0.));
#1720=DIRECTION('',(-1.,0.,0.));
#1721=DIRECTION('',(0.,0.,1.));
#1722=DIRECTION('',(0.,1.,0.));
#1723=DIRECTION('',(0.,0.,-1.));
#1724=DIRECTION('',(0.,1.,0.));
#1725=DIRECTION('',(0.,0.,-1.));
#1726=DIRECTION('',(-0.0135125385092774,0.999908701483808,0.));
#1727=DIRECTION('',(-0.999908701483808,-0.0135125385092774,0.));
#1728=DIRECTION('',(0.999908701483808,0.0135125385092774,0.));
#1729=DIRECTION('',(0.999908701483808,0.0135125385092774,0.));
#1730=DIRECTION('',(0.,0.,-1.));
#1731=DIRECTION('',(-0.999908701483808,-0.0135125385092775,0.));
#1732=DIRECTION('',(0.0135125385092775,-0.999908701483808,0.));
#1733=DIRECTION('',(-0.0135125385092775,0.999908701483808,0.));
#1734=DIRECTION('',(-0.0135125385092775,0.999908701483808,0.));
#1735=DIRECTION('',(0.,0.,-1.));
#1736=DIRECTION('',(0.,-1.,0.));
#1737=DIRECTION('',(0.,0.,-1.));
#1738=DIRECTION('',(-1.,0.,0.));
#1739=DIRECTION('',(-1.,0.,0.));
#1740=DIRECTION('',(0.,0.,-1.));
#1741=DIRECTION('',(-1.,0.,0.));
#1742=DIRECTION('',(0.,0.,1.));
#1743=DIRECTION('',(0.,1.,0.));
#1744=DIRECTION('',(0.,1.,0.));
#1745=DIRECTION('',(0.,0.,-1.));
#1746=DIRECTION('',(-0.096254061637016,0.995356798147467,0.));
#1747=DIRECTION('',(-0.995356798147467,-0.096254061637016,0.));
#1748=DIRECTION('',(0.995356798147467,0.096254061637016,0.));
#1749=DIRECTION('',(0.995356798147467,0.096254061637016,0.));
#1750=DIRECTION('',(0.,0.,-1.));
#1751=DIRECTION('',(0.,0.,-1.));
#1752=DIRECTION('',(-1.,0.,0.));
#1753=DIRECTION('',(0.,0.,1.));
#1754=DIRECTION('',(1.,0.,0.));
#1755=DIRECTION('',(0.,0.,1.));
#1756=DIRECTION('',(1.,0.,0.));
#1757=DIRECTION('',(0.,0.,-1.));
#1758=DIRECTION('',(0.,0.,-1.));
#1759=DIRECTION('',(-1.,0.,0.));
#1760=DIRECTION('',(0.,0.,1.));
#1761=DIRECTION('',(1.,0.,0.));
#1762=DIRECTION('',(0.,0.,1.));
#1763=DIRECTION('',(1.,0.,0.));
#1764=DIRECTION('',(0.,0.,-1.));
#1765=DIRECTION('',(0.,0.,-1.));
#1766=DIRECTION('',(-1.,0.,0.));
#1767=DIRECTION('',(0.,0.,1.));
#1768=DIRECTION('',(1.,0.,0.));
#1769=DIRECTION('',(0.,0.,1.));
#1770=DIRECTION('',(1.,0.,0.));
#1771=DIRECTION('',(0.,0.,-1.));
#1772=DIRECTION('',(0.,0.,-1.));
#1773=DIRECTION('',(-1.,0.,0.));
#1774=DIRECTION('',(0.,0.,1.));
#1775=DIRECTION('',(1.,0.,0.));
#1776=DIRECTION('',(0.,0.,1.));
#1777=DIRECTION('',(1.,0.,0.));
#1778=DIRECTION('',(0.,0.,-1.));
#1779=DIRECTION('',(0.,0.,-1.));
#1780=DIRECTION('',(-1.,0.,0.));
#1781=DIRECTION('',(0.,0.,1.));
#1782=DIRECTION('',(1.,0.,0.));
#1783=DIRECTION('',(0.,0.,1.));
#1784=DIRECTION('',(1.,0.,0.));
#1785=DIRECTION('',(0.,0.,-1.));
#1786=DIRECTION('',(0.,0.,-1.));
#1787=DIRECTION('',(-1.,0.,0.));
#1788=DIRECTION('',(0.,0.,1.));
#1789=DIRECTION('',(1.,0.,0.));
#1790=DIRECTION('',(0.,0.,1.));
#1791=DIRECTION('',(1.,0.,0.));
#1792=DIRECTION('',(0.,0.,-1.));
#1793=DIRECTION('',(-1.,0.,0.));
#1794=DIRECTION('',(0.,0.,1.));
#1795=DIRECTION('',(0.,1.,0.));
#1796=DIRECTION('',(0.,1.,0.));
#1797=DIRECTION('',(0.,0.,-1.));
#1798=DIRECTION('',(0.,-1.,0.));
#1799=DIRECTION('',(0.,0.,-1.));
#1800=DIRECTION('',(-1.,0.,0.));
#1801=DIRECTION('',(-1.,0.,0.));
#1802=DIRECTION('',(0.,0.,-1.));
#1803=DIRECTION('',(1.,0.,0.));
#1804=DIRECTION('',(0.,0.,-1.));
#1805=DIRECTION('',(0.,-1.,0.));
#1806=DIRECTION('',(0.,-1.,0.));
#1807=DIRECTION('',(0.,0.,-1.));
#1808=DIRECTION('',(0.,0.,-1.));
#1809=DIRECTION('',(-1.,0.,0.));
#1810=DIRECTION('',(0.,0.,1.));
#1811=DIRECTION('',(1.,0.,0.));
#1812=DIRECTION('',(0.,0.,1.));
#1813=DIRECTION('',(1.,0.,0.));
#1814=DIRECTION('',(0.,0.,-1.));
#1815=DIRECTION('',(0.,0.,-1.));
#1816=DIRECTION('',(-1.,0.,0.));
#1817=DIRECTION('',(0.,0.,1.));
#1818=DIRECTION('',(1.,0.,0.));
#1819=DIRECTION('',(0.,0.,1.));
#1820=DIRECTION('',(1.,0.,0.));
#1821=DIRECTION('',(0.,0.,-1.));
#1822=DIRECTION('',(0.,0.,-1.));
#1823=DIRECTION('',(-1.,0.,0.));
#1824=DIRECTION('',(0.,0.,1.));
#1825=DIRECTION('',(1.,0.,0.));
#1826=DIRECTION('',(0.,0.,1.));
#1827=DIRECTION('',(1.,0.,0.));
#1828=DIRECTION('',(0.,0.,-1.));
#1829=DIRECTION('',(0.,0.,-1.));
#1830=DIRECTION('',(-1.,0.,0.));
#1831=DIRECTION('',(0.,0.,1.));
#1832=DIRECTION('',(1.,0.,0.));
#1833=DIRECTION('',(0.,0.,1.));
#1834=DIRECTION('',(1.,0.,0.));
#1835=DIRECTION('',(0.,0.,-1.));
#1836=DIRECTION('',(0.,0.,-1.));
#1837=DIRECTION('',(-1.,0.,0.));
#1838=DIRECTION('',(0.,0.,1.));
#1839=DIRECTION('',(1.,0.,0.));
#1840=DIRECTION('',(0.,0.,1.));
#1841=DIRECTION('',(1.,0.,0.));
#1842=DIRECTION('',(0.,0.,-1.));
#1843=DIRECTION('',(0.,0.,-1.));
#1844=DIRECTION('',(-1.,0.,0.));
#1845=DIRECTION('',(0.,0.,1.));
#1846=DIRECTION('',(1.,0.,0.));
#1847=DIRECTION('',(0.,0.,1.));
#1848=DIRECTION('',(1.,0.,0.));
#1849=DIRECTION('',(0.,0.,-1.));
#1850=DIRECTION('',(0.0942082934877453,0.995552508629317,0.));
#1851=DIRECTION('',(-0.995552508629317,0.0942082934877453,0.));
#1852=DIRECTION('',(0.995552508629317,-0.0942082934877453,0.));
#1853=DIRECTION('',(0.995552508629317,-0.0942082934877453,0.));
#1854=DIRECTION('',(0.,0.,-1.));
#1855=DIRECTION('',(1.,0.,0.));
#1856=DIRECTION('',(0.,0.,-1.));
#1857=DIRECTION('',(0.,-1.,0.));
#1858=DIRECTION('',(0.,-1.,0.));
#1859=DIRECTION('',(0.,0.,-1.));
#1860=DIRECTION('',(0.,-1.,0.));
#1861=DIRECTION('',(0.,0.,-1.));
#1862=DIRECTION('',(-1.,0.,0.));
#1863=DIRECTION('',(-1.,0.,0.));
#1864=DIRECTION('',(0.,0.,-1.));
#1865=DIRECTION('',(1.,0.,0.));
#1866=DIRECTION('',(0.,0.,-1.));
#1867=DIRECTION('',(0.,-1.,0.));
#1868=DIRECTION('',(0.,-1.,0.));
#1869=DIRECTION('',(0.,0.,-1.));
#1870=DIRECTION('',(0.,1.,0.));
#1871=DIRECTION('',(0.,0.,1.));
#1872=DIRECTION('',(1.,0.,0.));
#1873=DIRECTION('',(1.,0.,0.));
#1874=DIRECTION('',(0.,0.,-1.));
#1875=DIRECTION('',(1.,0.,0.));
#1876=DIRECTION('',(0.,0.,-1.));
#1877=DIRECTION('',(0.,-1.,0.));
#1878=DIRECTION('',(0.,-1.,0.));
#1879=DIRECTION('',(0.,0.,-1.));
#1880=DIRECTION('',(-1.,0.,0.));
#1881=DIRECTION('',(0.,0.,1.));
#1882=DIRECTION('',(0.,1.,0.));
#1883=DIRECTION('',(0.,0.,-1.));
#1884=DIRECTION('',(0.,1.,0.));
#1885=DIRECTION('',(0.,0.,-1.));
#1886=DIRECTION('',(0.,1.,0.));
#1887=DIRECTION('',(0.,0.,1.));
#1888=DIRECTION('',(1.,0.,0.));
#1889=DIRECTION('',(1.,0.,0.));
#1890=DIRECTION('',(0.,0.,-1.));
#1891=DIRECTION('',(1.,0.,0.));
#1892=DIRECTION('',(0.,0.,-1.));
#1893=DIRECTION('',(0.,-1.,0.));
#1894=DIRECTION('',(0.,-1.,0.));
#1895=DIRECTION('',(0.,0.,-1.));
#1896=DIRECTION('',(0.,1.,0.));
#1897=DIRECTION('',(0.,0.,1.));
#1898=DIRECTION('',(1.,0.,0.));
#1899=DIRECTION('',(1.,0.,0.));
#1900=DIRECTION('',(0.,0.,-1.));
#1901=DIRECTION('',(1.,0.,0.));
#1902=DIRECTION('',(0.,0.,-1.));
#1903=DIRECTION('',(0.,-1.,0.));
#1904=DIRECTION('',(0.,-1.,0.));
#1905=DIRECTION('',(0.,0.,-1.));
#1906=DIRECTION('',(0.0942082934877453,0.995552508629317,0.));
#1907=DIRECTION('',(-0.995552508629317,0.0942082934877453,0.));
#1908=DIRECTION('',(0.995552508629317,-0.0942082934877453,0.));
#1909=DIRECTION('',(0.995552508629317,-0.0942082934877453,0.));
#1910=DIRECTION('',(0.,0.,-1.));
#1911=DIRECTION('',(0.,0.,-1.));
#1912=DIRECTION('',(-1.,0.,0.));
#1913=DIRECTION('',(0.,0.,1.));
#1914=DIRECTION('',(1.,0.,0.));
#1915=DIRECTION('',(0.,0.,1.));
#1916=DIRECTION('',(1.,0.,0.));
#1917=DIRECTION('',(0.,0.,-1.));
#1918=DIRECTION('',(0.,0.,-1.));
#1919=DIRECTION('',(-1.,0.,0.));
#1920=DIRECTION('',(0.,0.,1.));
#1921=DIRECTION('',(1.,0.,0.));
#1922=DIRECTION('',(0.,0.,1.));
#1923=DIRECTION('',(1.,0.,0.));
#1924=DIRECTION('',(0.,0.,-1.));
#1925=DIRECTION('',(0.,0.,-1.));
#1926=DIRECTION('',(-1.,0.,0.));
#1927=DIRECTION('',(0.,0.,1.));
#1928=DIRECTION('',(1.,0.,0.));
#1929=DIRECTION('',(0.,0.,1.));
#1930=DIRECTION('',(1.,0.,0.));
#1931=DIRECTION('',(0.,0.,-1.));
#1932=DIRECTION('',(0.,0.,-1.));
#1933=DIRECTION('',(-1.,0.,0.));
#1934=DIRECTION('',(0.,0.,1.));
#1935=DIRECTION('',(1.,0.,0.));
#1936=DIRECTION('',(0.,0.,1.));
#1937=DIRECTION('',(1.,0.,0.));
#1938=DIRECTION('',(0.,0.,-1.));
#1939=DIRECTION('',(0.,0.,-1.));
#1940=DIRECTION('',(-1.,0.,0.));
#1941=DIRECTION('',(0.,0.,1.));
#1942=DIRECTION('',(1.,0.,0.));
#1943=DIRECTION('',(0.,0.,1.));
#1944=DIRECTION('',(1.,0.,0.));
#1945=DIRECTION('',(0.,0.,-1.));
#1946=DIRECTION('',(0.,0.,-1.));
#1947=DIRECTION('',(-1.,0.,0.));
#1948=DIRECTION('',(0.,0.,1.));
#1949=DIRECTION('',(1.,0.,0.));
#1950=DIRECTION('',(0.,0.,1.));
#1951=DIRECTION('',(1.,0.,0.));
#1952=DIRECTION('',(0.,0.,-1.));
#1953=DIRECTION('',(1.,0.,0.));
#1954=DIRECTION('',(0.,0.,-1.));
#1955=DIRECTION('',(0.,-1.,0.));
#1956=DIRECTION('',(0.,-1.,0.));
#1957=DIRECTION('',(0.,0.,-1.));
#1958=DIRECTION('',(0.,-1.,0.));
#1959=DIRECTION('',(0.,0.,-1.));
#1960=DIRECTION('',(-1.,0.,0.));
#1961=DIRECTION('',(-1.,0.,0.));
#1962=DIRECTION('',(0.,0.,-1.));
#1963=DIRECTION('',(-1.,0.,0.));
#1964=DIRECTION('',(0.,0.,1.));
#1965=DIRECTION('',(0.,1.,0.));
#1966=DIRECTION('',(0.,1.,0.));
#1967=DIRECTION('',(0.,0.,-1.));
#1968=DIRECTION('',(0.,0.,-1.));
#1969=DIRECTION('',(-1.,0.,0.));
#1970=DIRECTION('',(0.,0.,1.));
#1971=DIRECTION('',(1.,0.,0.));
#1972=DIRECTION('',(0.,0.,1.));
#1973=DIRECTION('',(1.,0.,0.));
#1974=DIRECTION('',(0.,0.,-1.));
#1975=DIRECTION('',(0.,0.,-1.));
#1976=DIRECTION('',(-1.,0.,0.));
#1977=DIRECTION('',(0.,0.,1.));
#1978=DIRECTION('',(1.,0.,0.));
#1979=DIRECTION('',(0.,0.,1.));
#1980=DIRECTION('',(1.,0.,0.));
#1981=DIRECTION('',(0.,0.,-1.));
#1982=DIRECTION('',(0.,0.,-1.));
#1983=DIRECTION('',(-1.,0.,0.));
#1984=DIRECTION('',(0.,0.,1.));
#1985=DIRECTION('',(1.,0.,0.));
#1986=DIRECTION('',(0.,0.,1.));
#1987=DIRECTION('',(1.,0.,0.));
#1988=DIRECTION('',(0.,0.,-1.));
#1989=DIRECTION('',(0.,0.,-1.));
#1990=DIRECTION('',(-1.,0.,0.));
#1991=DIRECTION('',(0.,0.,1.));
#1992=DIRECTION('',(1.,0.,0.));
#1993=DIRECTION('',(0.,0.,1.));
#1994=DIRECTION('',(1.,0.,0.));
#1995=DIRECTION('',(0.,0.,-1.));
#1996=DIRECTION('',(0.,0.,-1.));
#1997=DIRECTION('',(-1.,0.,0.));
#1998=DIRECTION('',(0.,0.,1.));
#1999=DIRECTION('',(1.,0.,0.));
#2000=DIRECTION('',(0.,0.,1.));
#2001=DIRECTION('',(1.,0.,0.));
#2002=DIRECTION('',(0.,0.,-1.));
#2003=DIRECTION('',(0.,0.,-1.));
#2004=DIRECTION('',(-1.,0.,0.));
#2005=DIRECTION('',(0.,0.,1.));
#2006=DIRECTION('',(1.,0.,0.));
#2007=DIRECTION('',(0.,0.,1.));
#2008=DIRECTION('',(1.,0.,0.));
#2009=DIRECTION('',(0.,0.,-1.));
#2010=DIRECTION('',(-0.096254061637016,0.995356798147467,0.));
#2011=DIRECTION('',(-0.995356798147467,-0.096254061637016,0.));
#2012=DIRECTION('',(0.995356798147467,0.096254061637016,0.));
#2013=DIRECTION('',(0.995356798147467,0.096254061637016,0.));
#2014=DIRECTION('',(0.,0.,-1.));
#2015=DIRECTION('',(-0.999908701483808,-0.0135125385092775,0.));
#2016=DIRECTION('',(0.0135125385092775,-0.999908701483808,0.));
#2017=DIRECTION('',(-0.0135125385092775,0.999908701483808,0.));
#2018=DIRECTION('',(-0.0135125385092775,0.999908701483808,0.));
#2019=DIRECTION('',(0.,0.,-1.));
#2020=DIRECTION('',(-0.0135125385092774,0.999908701483808,0.));
#2021=DIRECTION('',(-0.999908701483808,-0.0135125385092774,0.));
#2022=DIRECTION('',(0.999908701483808,0.0135125385092774,0.));
#2023=DIRECTION('',(0.999908701483808,0.0135125385092774,0.));
#2024=DIRECTION('',(0.,1.,0.));
#2025=DIRECTION('',(0.,0.,1.));
#2026=DIRECTION('',(1.,0.,0.));
#2027=DIRECTION('',(1.,0.,0.));
#2028=DIRECTION('',(0.,0.,1.));
#2029=DIRECTION('',(1.,0.,0.));
#2030=DIRECTION('',(0.,0.,1.));
#2031=DIRECTION('',(1.,0.,0.));
#2032=DIRECTION('',(0.,0.,1.));
#2033=DIRECTION('',(1.,0.,0.));
#2034=DIRECTION('',(0.,0.,1.));
#2035=DIRECTION('',(1.,0.,0.));
#2036=DIRECTION('',(0.,0.,1.));
#2037=DIRECTION('',(1.,0.,0.));
#2038=DIRECTION('',(0.,0.,1.));
#2039=DIRECTION('',(1.,0.,0.));
#2040=DIRECTION('',(0.,0.,1.));
#2041=DIRECTION('',(1.,0.,0.));
#2042=DIRECTION('',(0.,0.,1.));
#2043=DIRECTION('',(1.,0.,0.));
#2044=DIRECTION('',(0.,1.,0.));
#2045=DIRECTION('',(-1.,0.,0.));
#2046=DIRECTION('',(0.,-1.,0.));
#2047=DIRECTION('',(0.,0.,1.));
#2048=DIRECTION('',(1.,0.,0.));
#2049=DIRECTION('',(0.,0.,1.));
#2050=DIRECTION('',(1.,0.,0.));
#2051=DIRECTION('',(0.,0.,1.));
#2052=DIRECTION('',(1.,0.,0.));
#2053=DIRECTION('',(0.,0.,1.));
#2054=DIRECTION('',(1.,0.,0.));
#2055=DIRECTION('',(0.,0.,1.));
#2056=DIRECTION('',(1.,0.,0.));
#2057=DIRECTION('',(0.,0.,1.));
#2058=DIRECTION('',(1.,0.,0.));
#2059=DIRECTION('',(0.995552508629317,-0.0942082934877453,0.));
#2060=DIRECTION('',(0.,-1.,0.));
#2061=DIRECTION('',(1.,0.,0.));
#2062=DIRECTION('',(0.,-1.,0.));
#2063=DIRECTION('',(1.,0.,0.));
#2064=DIRECTION('',(0.,1.,0.));
#2065=DIRECTION('',(0.999908701483808,0.0135125385092774,0.));
#2066=DIRECTION('',(-0.0135125385092775,0.999908701483808,0.));
#2067=DIRECTION('',(0.995356798147467,0.096254061637016,0.));
#2068=DIRECTION('',(0.,0.,1.));
#2069=DIRECTION('',(1.,0.,0.));
#2070=DIRECTION('',(0.,0.,1.));
#2071=DIRECTION('',(1.,0.,0.));
#2072=DIRECTION('',(0.995356798147467,0.096254061637016,0.));
#2073=DIRECTION('',(-0.0135125385092775,0.999908701483808,0.));
#2074=DIRECTION('',(0.999908701483808,0.0135125385092774,0.));
#2075=DIRECTION('',(0.,1.,0.));
#2076=DIRECTION('',(1.,0.,0.));
#2077=DIRECTION('',(0.,-1.,0.));
#2078=DIRECTION('',(1.,0.,0.));
#2079=DIRECTION('',(0.,-1.,0.));
#2080=DIRECTION('',(0.995552508629317,-0.0942082934877453,0.));
#2081=DIRECTION('',(0.,0.,1.));
#2082=DIRECTION('',(1.,0.,0.));
#2083=DIRECTION('',(0.,0.,1.));
#2084=DIRECTION('',(1.,0.,0.));
#2085=DIRECTION('',(0.,0.,1.));
#2086=DIRECTION('',(1.,0.,0.));
#2087=DIRECTION('',(0.,0.,1.));
#2088=DIRECTION('',(1.,0.,0.));
#2089=DIRECTION('',(0.,0.,1.));
#2090=DIRECTION('',(1.,0.,0.));
#2091=DIRECTION('',(0.,0.,1.));
#2092=DIRECTION('',(1.,0.,0.));
#2093=DIRECTION('',(0.,-1.,0.));
#2094=DIRECTION('',(-1.,0.,0.));
#2095=DIRECTION('',(0.,1.,0.));
#2096=DIRECTION('',(0.,0.,1.));
#2097=DIRECTION('',(1.,0.,0.));
#2098=DIRECTION('',(0.,0.,1.));
#2099=DIRECTION('',(1.,0.,0.));
#2100=DIRECTION('',(0.,0.,1.));
#2101=DIRECTION('',(1.,0.,0.));
#2102=DIRECTION('',(0.,0.,1.));
#2103=DIRECTION('',(1.,0.,0.));
#2104=DIRECTION('',(0.,0.,1.));
#2105=DIRECTION('',(1.,0.,0.));
#2106=DIRECTION('',(0.,0.,-1.));
#2107=DIRECTION('',(-1.,0.,0.));
#2108=DIRECTION('',(0.,0.,-1.));
#2109=DIRECTION('',(0.,0.,-1.));
#2110=DIRECTION('',(0.,0.,-1.));
#2111=DIRECTION('',(-1.,0.,0.));
#2112=DIRECTION('',(0.,0.,-1.));
#2113=DIRECTION('',(0.,0.,-1.));
#2114=DIRECTION('',(-1.,0.,0.));
#2115=DIRECTION('',(0.,0.,-1.));
#2116=DIRECTION('',(0.,0.,-1.));
#2117=DIRECTION('',(-1.,0.,0.));
#2118=DIRECTION('',(0.,0.,-1.));
#2119=DIRECTION('',(0.,0.,-1.));
#2120=DIRECTION('',(-1.,0.,0.));
#2121=DIRECTION('',(0.,0.,-1.));
#2122=DIRECTION('',(0.,0.,-1.));
#2123=DIRECTION('',(-1.,0.,0.));
#2124=DIRECTION('',(0.,0.,-1.));
#2125=DIRECTION('',(-1.,0.,0.));
#2126=DIRECTION('',(0.,0.,1.));
#2127=DIRECTION('',(0.,0.,-1.));
#2128=DIRECTION('',(0.,-1.,0.));
#2129=DIRECTION('',(0.,0.,-1.));
#2130=DIRECTION('',(0.,0.,-1.));
#2131=DIRECTION('',(1.,0.,0.));
#2132=DIRECTION('',(0.,0.,-1.));
#2133=DIRECTION('',(0.,0.,-1.));
#2134=DIRECTION('',(0.,0.,-1.));
#2135=DIRECTION('',(-1.,0.,0.));
#2136=DIRECTION('',(0.,0.,-1.));
#2137=DIRECTION('',(0.,0.,-1.));
#2138=DIRECTION('',(-1.,0.,0.));
#2139=DIRECTION('',(0.,0.,-1.));
#2140=DIRECTION('',(0.,0.,-1.));
#2141=DIRECTION('',(-1.,0.,0.));
#2142=DIRECTION('',(0.,0.,-1.));
#2143=DIRECTION('',(0.,0.,-1.));
#2144=DIRECTION('',(-1.,0.,0.));
#2145=DIRECTION('',(0.,0.,-1.));
#2146=DIRECTION('',(0.,0.,-1.));
#2147=DIRECTION('',(-1.,0.,0.));
#2148=DIRECTION('',(0.,0.,-1.));
#2149=DIRECTION('',(0.,0.,-1.));
#2150=DIRECTION('',(-1.,0.,0.));
#2151=DIRECTION('',(0.,0.,-1.));
#2152=DIRECTION('',(0.0942082934877453,0.995552508629317,0.));
#2153=DIRECTION('',(-0.995552508629317,0.0942082934877453,0.));
#2154=DIRECTION('',(0.,0.,-1.));
#2155=DIRECTION('',(1.,0.,0.));
#2156=DIRECTION('',(0.,0.,-1.));
#2157=DIRECTION('',(0.,0.,-1.));
#2158=DIRECTION('',(0.,1.,0.));
#2159=DIRECTION('',(0.,0.,1.));
#2160=DIRECTION('',(0.,0.,-1.));
#2161=DIRECTION('',(1.,0.,0.));
#2162=DIRECTION('',(0.,0.,-1.));
#2163=DIRECTION('',(0.,0.,-1.));
#2164=DIRECTION('',(0.,1.,0.));
#2165=DIRECTION('',(0.,0.,1.));
#2166=DIRECTION('',(0.,0.,-1.));
#2167=DIRECTION('',(-1.,0.,0.));
#2168=DIRECTION('',(0.,0.,1.));
#2169=DIRECTION('',(0.,0.,-1.));
#2170=DIRECTION('',(-0.0135125385092774,0.999908701483808,0.));
#2171=DIRECTION('',(-0.999908701483808,-0.0135125385092774,0.));
#2172=DIRECTION('',(0.,0.,-1.));
#2173=DIRECTION('',(-0.999908701483808,-0.0135125385092775,0.));
#2174=DIRECTION('',(0.0135125385092775,-0.999908701483808,0.));
#2175=DIRECTION('',(0.,0.,-1.));
#2176=DIRECTION('',(-0.096254061637016,0.995356798147467,0.));
#2177=DIRECTION('',(-0.995356798147467,-0.096254061637016,0.));
#2178=CARTESIAN_POINT('',(0.,0.,0.));
#2179=CARTESIAN_POINT('',(-0.0170214176177978,0.0399328641902083,0.005));
#2180=CARTESIAN_POINT('',(-0.0170214176177978,0.0399328641902083,0.));
#2181=CARTESIAN_POINT('',(-0.0170214176177978,0.0375535041093827,0.));
#2182=CARTESIAN_POINT('',(-0.0170214176177978,0.042312224271034,0.));
#2183=CARTESIAN_POINT('',(-0.0170214176177978,0.042312224271034,0.005));
#2184=CARTESIAN_POINT('',(-0.0170214176177978,0.042312224271034,0.007));
#2185=CARTESIAN_POINT('',(-0.0170214176177978,0.0399328641902083,0.007));
#2186=CARTESIAN_POINT('',(-0.0170214176177978,0.0375535041093827,0.007));
#2187=CARTESIAN_POINT('',(-0.0170214176177978,0.0375535041093827,0.005));
#2188=CARTESIAN_POINT('',(-0.0191612765192985,0.0375245865434408,0.005));
#2189=CARTESIAN_POINT('',(-0.0191612765192985,0.0375245865434408,0.));
#2190=CARTESIAN_POINT('',(-0.0213011354207992,0.037495668977499,0.));
#2191=CARTESIAN_POINT('',(-0.0191612765192985,0.0375245865434408,0.007));
#2192=CARTESIAN_POINT('',(-0.0213011354207992,0.037495668977499,0.007));
#2193=CARTESIAN_POINT('',(-0.0213011354207992,0.037495668977499,0.005));
#2194=CARTESIAN_POINT('',(-0.0212401344237362,0.0329816816374659,0.005));
#2195=CARTESIAN_POINT('',(-0.0212401344237362,0.0329816816374659,0.));
#2196=CARTESIAN_POINT('',(-0.0211791334266731,0.0284676942974329,0.));
#2197=CARTESIAN_POINT('',(-0.0212401344237362,0.0329816816374659,0.007));
#2198=CARTESIAN_POINT('',(-0.0211791334266731,0.0284676942974329,0.007));
#2199=CARTESIAN_POINT('',(-0.0211791334266731,0.0284676942974329,0.005));
#2200=CARTESIAN_POINT('',(-0.0191002755222355,0.0284676942974329,0.005));
#2201=CARTESIAN_POINT('',(-0.0191002755222355,0.0284676942974329,0.));
#2202=CARTESIAN_POINT('',(-0.0170214176177978,0.0284676942974329,0.));
#2203=CARTESIAN_POINT('',(-0.0191002755222355,0.0284676942974329,0.007));
#2204=CARTESIAN_POINT('',(-0.0170214176177978,0.0284676942974329,0.007));
#2205=CARTESIAN_POINT('',(-0.0170214176177978,0.0284676942974329,0.005));
#2206=CARTESIAN_POINT('',(-0.0170214176177978,0.0275410683825612,0.005));
#2207=CARTESIAN_POINT('',(-0.0170214176177978,0.0275410683825612,0.));
#2208=CARTESIAN_POINT('',(-0.0170214176177978,0.0266144424676895,0.));
#2209=CARTESIAN_POINT('',(-0.0170214176177978,0.0275410683825612,0.007));
#2210=CARTESIAN_POINT('',(-0.0170214176177978,0.0266144424676895,0.007));
#2211=CARTESIAN_POINT('',(-0.0170214176177978,0.0266144424676895,0.005));
#2212=CARTESIAN_POINT('',(-0.0216346886008978,0.0261683249846101,0.005));
#2213=CARTESIAN_POINT('',(-0.0216346886008978,0.0261683249846101,0.));
#2214=CARTESIAN_POINT('',(-0.0262479595839978,0.0257222075015307,0.));
#2215=CARTESIAN_POINT('',(-0.0216346886008978,0.0261683249846101,0.007));
#2216=CARTESIAN_POINT('',(-0.0262479595839978,0.0257222075015307,0.007));
#2217=CARTESIAN_POINT('',(-0.0262479595839978,0.0257222075015307,0.005));
#2218=CARTESIAN_POINT('',(0.00342841145408513,0.0224250301131336,0.005));
#2219=CARTESIAN_POINT('',(0.00342841145408513,0.0224250301131336,0.));
#2220=CARTESIAN_POINT('',(-0.0229700691998005,0.00847230292856693,0.));
#2221=CARTESIAN_POINT('',(0.00342841145408513,0.0224250301131336,0.007));
#2222=CARTESIAN_POINT('',(-0.0229700691998005,0.00847230292856693,0.007));
#2223=CARTESIAN_POINT('',(-0.0229700691998005,0.00847230292856693,0.005));
#2224=CARTESIAN_POINT('',(-0.0216069962984628,0.00346741303223653,0.005));
#2225=CARTESIAN_POINT('',(-0.0216069962984628,0.00346741303223653,0.));
#2226=CARTESIAN_POINT('',(-0.0210443064570427,-0.00168916245456785,0.));
#2227=CARTESIAN_POINT('',(-0.0216069962984628,0.00346741303223653,0.007));
#2228=CARTESIAN_POINT('',(-0.0210443064570427,-0.00168916245456785,0.007));
#2229=CARTESIAN_POINT('',(-0.0210443064570427,-0.00168916245456785,0.005));
#2230=CARTESIAN_POINT('',(-0.0864121838915207,-0.0015496629582254,0.005));
#2231=CARTESIAN_POINT('',(-0.0864121838915207,-0.0015496629582254,0.));
#2232=CARTESIAN_POINT('',(-0.0229700691998005,-0.017300121486187,0.));
#2233=CARTESIAN_POINT('',(-0.0864121838915207,-0.0015496629582254,0.007));
#2234=CARTESIAN_POINT('',(-0.0229700691998005,-0.017300121486187,0.007));
#2235=CARTESIAN_POINT('',(-0.0229700691998005,-0.017300121486187,0.005));
#2236=CARTESIAN_POINT('',(0.062312161808764,-0.0431139820183636,0.005));
#2237=CARTESIAN_POINT('',(0.062312161808764,-0.0431139820183636,0.));
#2238=CARTESIAN_POINT('',(-0.0266576968133449,-0.0382376536726952,0.));
#2239=CARTESIAN_POINT('',(0.062312161808764,-0.0431139820183636,0.007));
#2240=CARTESIAN_POINT('',(-0.0266576968133449,-0.0382376536726952,0.007));
#2241=CARTESIAN_POINT('',(-0.0266576968133449,-0.0382376536726952,0.005));
#2242=CARTESIAN_POINT('',(-0.0262069593353205,-0.043961368599127,0.005));
#2243=CARTESIAN_POINT('',(-0.0262069593353205,-0.043961368599127,0.));
#2244=CARTESIAN_POINT('',(-0.0318613499403,-0.0449573323130607,0.));
#2245=CARTESIAN_POINT('',(-0.0262069593353205,-0.043961368599127,0.007));
#2246=CARTESIAN_POINT('',(-0.0318613499403,-0.0449573323130607,0.007));
#2247=CARTESIAN_POINT('',(-0.0318613499403,-0.0449573323130607,0.005));
#2248=CARTESIAN_POINT('',(-0.0305116270589668,-0.052455510944128,0.005));
#2249=CARTESIAN_POINT('',(-0.0305116270589668,-0.052455510944128,0.));
#2250=CARTESIAN_POINT('',(-0.0381303168833256,-0.052455510944128,0.));
#2251=CARTESIAN_POINT('',(-0.0305116270589668,-0.052455510944128,0.007));
#2252=CARTESIAN_POINT('',(-0.0381303168833256,-0.052455510944128,0.007));
#2253=CARTESIAN_POINT('',(-0.0381303168833256,-0.052455510944128,0.005));
#2254=CARTESIAN_POINT('',(-0.0381303168833256,-0.055871643336547,0.005));
#2255=CARTESIAN_POINT('',(-0.0381303168833256,-0.055871643336547,0.));
#2256=CARTESIAN_POINT('',(-0.0381303168833256,-0.059287775728966,0.));
#2257=CARTESIAN_POINT('',(-0.0381303168833256,-0.055871643336547,0.007));
#2258=CARTESIAN_POINT('',(-0.0381303168833256,-0.059287775728966,0.007));
#2259=CARTESIAN_POINT('',(-0.0381303168833256,-0.059287775728966,0.005));
#2260=CARTESIAN_POINT('',(-0.0122554576955736,-0.059287775728966,0.005));
#2261=CARTESIAN_POINT('',(-0.0122554576955736,-0.059287775728966,0.));
#2262=CARTESIAN_POINT('',(0.0136194014921784,-0.059287775728966,0.));
#2263=CARTESIAN_POINT('',(-0.0122554576955736,-0.059287775728966,0.007));
#2264=CARTESIAN_POINT('',(0.0136194014921784,-0.059287775728966,0.007));
#2265=CARTESIAN_POINT('',(0.0136194014921784,-0.059287775728966,0.005));
#2266=CARTESIAN_POINT('',(0.0136194014921784,-0.055871643336547,0.005));
#2267=CARTESIAN_POINT('',(0.0136194014921784,-0.055871643336547,0.));
#2268=CARTESIAN_POINT('',(0.0136194014921784,-0.052455510944128,0.));
#2269=CARTESIAN_POINT('',(0.0136194014921784,-0.055871643336547,0.007));
#2270=CARTESIAN_POINT('',(0.0136194014921784,-0.052455510944128,0.007));
#2271=CARTESIAN_POINT('',(0.0136194014921784,-0.052455510944128,0.005));
#2272=CARTESIAN_POINT('',(0.00578444754004488,-0.0528313034256954,0.005));
#2273=CARTESIAN_POINT('',(0.00578444754004488,-0.0528313034256954,0.));
#2274=CARTESIAN_POINT('',(0.00722751254215837,-0.0451212264597416,0.));
#2275=CARTESIAN_POINT('',(0.00578444754004488,-0.0528313034256954,0.007));
#2276=CARTESIAN_POINT('',(0.00722751254215837,-0.0451212264597416,0.007));
#2277=CARTESIAN_POINT('',(0.00722751254215837,-0.0451212264597416,0.005));
#2278=CARTESIAN_POINT('',(0.00197431613751431,-0.0438972086452174,0.005));
#2279=CARTESIAN_POINT('',(0.00197431613751431,-0.0438972086452174,0.));
#2280=CARTESIAN_POINT('',(0.00187649170402439,-0.0385041832923889,0.));
#2281=CARTESIAN_POINT('',(0.00197431613751431,-0.0438972086452174,0.007));
#2282=CARTESIAN_POINT('',(0.00187649170402439,-0.0385041832923889,0.007));
#2283=CARTESIAN_POINT('',(0.00187649170402439,-0.0385041832923889,0.005));
#2284=CARTESIAN_POINT('',(-0.117307907433461,-0.0441802424350421,0.005));
#2285=CARTESIAN_POINT('',(-0.117307907433461,-0.0441802424350421,0.));
#2286=CARTESIAN_POINT('',(-0.0028060071635991,-0.0106175625696778,0.));
#2287=CARTESIAN_POINT('',(-0.117307907433461,-0.0441802424350421,0.007));
#2288=CARTESIAN_POINT('',(-0.0028060071635991,-0.0106175625696778,0.007));
#2289=CARTESIAN_POINT('',(-0.0028060071635991,-0.0106175625696778,0.005));
#2290=CARTESIAN_POINT('',(0.0568739079801454,-0.00242209535273518,0.005));
#2291=CARTESIAN_POINT('',(0.0568739079801454,-0.00242209535273518,0.));
#2292=CARTESIAN_POINT('',(-0.00335743697360158,-0.00140080228447915,0.));
#2293=CARTESIAN_POINT('',(0.0568739079801454,-0.00242209535273518,0.007));
#2294=CARTESIAN_POINT('',(-0.00335743697360158,-0.00140080228447915,0.007));
#2295=CARTESIAN_POINT('',(-0.00335743697360158,-0.00140080228447915,0.005));
#2296=CARTESIAN_POINT('',(-0.00281366845273746,0.00369485570776785,0.005));
#2297=CARTESIAN_POINT('',(-0.00281366845273746,0.00369485570776785,0.));
#2298=CARTESIAN_POINT('',(-0.000994163099676368,0.00848555658012629,0.));
#2299=CARTESIAN_POINT('',(-0.00281366845273746,0.00369485570776785,0.007));
#2300=CARTESIAN_POINT('',(-0.000994163099676368,0.00848555658012629,0.007));
#2301=CARTESIAN_POINT('',(-0.000994163099676368,0.00848555658012629,0.005));
#2302=CARTESIAN_POINT('',(-0.0298436370650146,0.0221592924076206,0.005));
#2303=CARTESIAN_POINT('',(-0.0298436370650146,0.0221592924076206,0.));
#2304=CARTESIAN_POINT('',(0.00187649170402438,0.0257782191038132,0.));
#2305=CARTESIAN_POINT('',(-0.0298436370650146,0.0221592924076206,0.007));
#2306=CARTESIAN_POINT('',(0.00187649170402438,0.0257782191038132,0.007));
#2307=CARTESIAN_POINT('',(0.00187649170402438,0.0257782191038132,0.005));
#2308=CARTESIAN_POINT('',(-0.00254193175351247,0.0261963307857513,0.005));
#2309=CARTESIAN_POINT('',(-0.00254193175351247,0.0261963307857513,0.));
#2310=CARTESIAN_POINT('',(-0.00696035521104932,0.0266144424676895,0.));
#2311=CARTESIAN_POINT('',(-0.00254193175351247,0.0261963307857513,0.007));
#2312=CARTESIAN_POINT('',(-0.00696035521104932,0.0266144424676895,0.007));
#2313=CARTESIAN_POINT('',(-0.00696035521104932,0.0266144424676895,0.005));
#2314=CARTESIAN_POINT('',(-0.00696035521104932,0.0275410683825612,0.005));
#2315=CARTESIAN_POINT('',(-0.00696035521104932,0.0275410683825612,0.));
#2316=CARTESIAN_POINT('',(-0.00696035521104932,0.0284676942974329,0.));
#2317=CARTESIAN_POINT('',(-0.00696035521104932,0.0275410683825612,0.007));
#2318=CARTESIAN_POINT('',(-0.00696035521104932,0.0284676942974329,0.007));
#2319=CARTESIAN_POINT('',(-0.00696035521104932,0.0284676942974329,0.005));
#2320=CARTESIAN_POINT('',(-0.00494889845140278,0.0284676942974329,0.005));
#2321=CARTESIAN_POINT('',(-0.00494889845140278,0.0284676942974329,0.));
#2322=CARTESIAN_POINT('',(-0.00293744169175625,0.0284676942974329,0.));
#2323=CARTESIAN_POINT('',(-0.00494889845140278,0.0284676942974329,0.007));
#2324=CARTESIAN_POINT('',(-0.00293744169175625,0.0284676942974329,0.007));
#2325=CARTESIAN_POINT('',(-0.00293744169175625,0.0284676942974329,0.005));
#2326=CARTESIAN_POINT('',(-0.00293744169175625,0.0329816816374659,0.005));
#2327=CARTESIAN_POINT('',(-0.00293744169175625,0.0329816816374659,0.));
#2328=CARTESIAN_POINT('',(-0.00293744169175625,0.037495668977499,0.));
#2329=CARTESIAN_POINT('',(-0.00293744169175625,0.0329816816374659,0.007));
#2330=CARTESIAN_POINT('',(-0.00293744169175625,0.037495668977499,0.007));
#2331=CARTESIAN_POINT('',(-0.00293744169175625,0.037495668977499,0.005));
#2332=CARTESIAN_POINT('',(-0.00507320137694478,0.037495668977499,0.005));
#2333=CARTESIAN_POINT('',(-0.00507320137694478,0.037495668977499,0.));
#2334=CARTESIAN_POINT('',(-0.00720896106213331,0.037495668977499,0.));
#2335=CARTESIAN_POINT('',(-0.00507320137694478,0.037495668977499,0.007));
#2336=CARTESIAN_POINT('',(-0.00720896106213331,0.037495668977499,0.007));
#2337=CARTESIAN_POINT('',(-0.00720896106213331,0.037495668977499,0.005));
#2338=CARTESIAN_POINT('',(-0.00720896106213331,0.0399039466242665,0.005));
#2339=CARTESIAN_POINT('',(-0.00720896106213331,0.0399039466242665,0.));
#2340=CARTESIAN_POINT('',(-0.00720896106213331,0.042312224271034,0.));
#2341=CARTESIAN_POINT('',(-0.00720896106213331,0.0399039466242665,0.007));
#2342=CARTESIAN_POINT('',(-0.00720896106213331,0.042312224271034,0.007));
#2343=CARTESIAN_POINT('',(-0.00720896106213331,0.042312224271034,0.005));
#2344=CARTESIAN_POINT('',(-0.0190214176177978,0.0399328641902083,0.005));
#2345=CARTESIAN_POINT('',(-0.0190214176177978,0.0399328641902083,0.));
#2346=CARTESIAN_POINT('',(-0.0190214176177978,0.0395266591784941,0.));
#2347=CARTESIAN_POINT('',(-0.0190214176177978,0.044312224271034,0.));
#2348=CARTESIAN_POINT('',(-0.0190214176177978,0.0395266591784941,0.005));
#2349=CARTESIAN_POINT('',(-0.0190214176177978,0.0395266591784941,0.005));
#2350=CARTESIAN_POINT('',(-0.0190214176177978,0.0399328641902083,0.005));
#2351=CARTESIAN_POINT('',(-0.0190214176177978,0.044312224271034,0.005));
#2352=CARTESIAN_POINT('',(-0.0190214176177978,0.044312224271034,0.005));
#2353=CARTESIAN_POINT('',(-0.0121151893399656,0.044312224271034,0.005));
#2354=CARTESIAN_POINT('',(-0.0121151893399656,0.044312224271034,0.));
#2355=CARTESIAN_POINT('',(-0.00520896106213331,0.044312224271034,0.));
#2356=CARTESIAN_POINT('',(-0.0121151893399656,0.044312224271034,0.005));
#2357=CARTESIAN_POINT('',(-0.00520896106213331,0.044312224271034,0.005));
#2358=CARTESIAN_POINT('',(-0.00520896106213331,0.044312224271034,0.005));
#2359=CARTESIAN_POINT('',(-0.00520896106213331,0.0399039466242665,0.005));
#2360=CARTESIAN_POINT('',(-0.00520896106213331,0.0399039466242665,0.));
#2361=CARTESIAN_POINT('',(-0.00520896106213331,0.039495668977499,0.));
#2362=CARTESIAN_POINT('',(-0.00520896106213331,0.0399039466242665,0.005));
#2363=CARTESIAN_POINT('',(-0.00520896106213331,0.039495668977499,0.005));
#2364=CARTESIAN_POINT('',(-0.00520896106213331,0.039495668977499,0.005));
#2365=CARTESIAN_POINT('',(-0.00507320137694478,0.039495668977499,0.005));
#2366=CARTESIAN_POINT('',(-0.00507320137694478,0.039495668977499,0.));
#2367=CARTESIAN_POINT('',(-0.000937441691756248,0.039495668977499,0.));
#2368=CARTESIAN_POINT('',(-0.00507320137694478,0.039495668977499,0.005));
#2369=CARTESIAN_POINT('',(-0.000937441691756248,0.039495668977499,0.005));
#2370=CARTESIAN_POINT('',(-0.000937441691756248,0.039495668977499,0.005));
#2371=CARTESIAN_POINT('',(-0.000937441691756248,0.0329816816374659,0.005));
#2372=CARTESIAN_POINT('',(-0.000937441691756248,0.0329816816374659,0.));
#2373=CARTESIAN_POINT('',(-0.000937441691756248,0.0280534339654816,0.));
#2374=CARTESIAN_POINT('',(-0.000937441691756248,0.0329816816374659,0.005));
#2375=CARTESIAN_POINT('',(-0.000937441691756249,0.0280534339654816,0.005));
#2376=CARTESIAN_POINT('',(-0.000937441691756248,0.0280534339654816,0.005));
#2377=CARTESIAN_POINT('',(-0.00235351516653698,0.02818743580301,0.005));
#2378=CARTESIAN_POINT('',(-0.00235351516653698,0.02818743580301,0.));
#2379=CARTESIAN_POINT('',(0.00363985636473766,0.0276202881143594,0.));
#2380=CARTESIAN_POINT('',(-0.00235351516653698,0.02818743580301,0.005));
#2381=CARTESIAN_POINT('',(0.00363985636473765,0.0276202881143594,0.005));
#2382=CARTESIAN_POINT('',(0.00363985636473766,0.0276202881143594,0.005));
#2383=CARTESIAN_POINT('',(-0.0298436370650146,0.0221592924076206,0.005));
#2384=CARTESIAN_POINT('',(-0.0298436370650146,0.0221592924076206,0.));
#2385=CARTESIAN_POINT('',(0.00155884999981246,0.00931987604578188,0.));
#2386=CARTESIAN_POINT('',(-0.0298436370650146,0.0221592924076206,0.005));
#2387=CARTESIAN_POINT('',(0.00155884999981244,0.00931987604578187,0.005));
#2388=CARTESIAN_POINT('',(0.00155884999981246,0.00931987604578188,0.005));
#2389=CARTESIAN_POINT('',(-0.00281366845273746,0.00369485570776785,0.005));
#2390=CARTESIAN_POINT('',(-0.00281366845273746,0.00369485570776785,0.));
#2391=CARTESIAN_POINT('',(-0.00135977871855177,-0.00327981102705112,0.));
#2392=CARTESIAN_POINT('',(-0.00281366845273746,0.00369485570776785,0.005));
#2393=CARTESIAN_POINT('',(-0.00135977871855177,-0.00327981102705112,0.005));
#2394=CARTESIAN_POINT('',(-0.00135977871855177,-0.00327981102705112,0.005));
#2395=CARTESIAN_POINT('',(0.0568739079801454,-0.00242209535273518,0.005));
#2396=CARTESIAN_POINT('',(0.0568739079801454,-0.00242209535273518,0.));
#2397=CARTESIAN_POINT('',(-0.00084442597672503,-0.0101997471798078,0.));
#2398=CARTESIAN_POINT('',(0.0568739079801454,-0.00242209535273518,0.005));
#2399=CARTESIAN_POINT('',(-0.00084442597672503,-0.0101997471798078,0.005));
#2400=CARTESIAN_POINT('',(-0.00084442597672503,-0.0101997471798078,0.005));
#2401=CARTESIAN_POINT('',(-0.117307907433461,-0.0441802424350421,0.005));
#2402=CARTESIAN_POINT('',(-0.117307907433461,-0.0441802424350421,0.));
#2403=CARTESIAN_POINT('',(0.00378246186406471,-0.0367277908784518,0.));
#2404=CARTESIAN_POINT('',(-0.117307907433461,-0.0441802424350421,0.005));
#2405=CARTESIAN_POINT('',(0.00378246186406468,-0.036727790878452,0.005));
#2406=CARTESIAN_POINT('',(0.00378246186406471,-0.0367277908784518,0.005));
#2407=CARTESIAN_POINT('',(0.00197431613751431,-0.0438972086452174,0.005));
#2408=CARTESIAN_POINT('',(0.00197431613751431,-0.0438972086452174,0.));
#2409=CARTESIAN_POINT('',(0.00936446762969091,-0.0436614057497015,0.));
#2410=CARTESIAN_POINT('',(0.00197431613751431,-0.0438972086452174,0.005));
#2411=CARTESIAN_POINT('',(0.00936446762969091,-0.0436614057497015,0.005));
#2412=CARTESIAN_POINT('',(0.00936446762969091,-0.0436614057497015,0.005));
#2413=CARTESIAN_POINT('',(0.00578444754004488,-0.0528313034256954,0.005));
#2414=CARTESIAN_POINT('',(0.00578444754004488,-0.0528313034256954,0.));
#2415=CARTESIAN_POINT('',(0.0156194014921785,-0.0524102951242562,0.));
#2416=CARTESIAN_POINT('',(0.00578444754004488,-0.0528313034256954,0.005));
#2417=CARTESIAN_POINT('',(0.0156194014921785,-0.0524102951242562,0.005));
#2418=CARTESIAN_POINT('',(0.0156194014921785,-0.0524102951242562,0.005));
#2419=CARTESIAN_POINT('',(0.0156194014921785,-0.055871643336547,0.005));
#2420=CARTESIAN_POINT('',(0.0156194014921785,-0.055871643336547,0.));
#2421=CARTESIAN_POINT('',(0.0156194014921785,-0.061287775728966,0.));
#2422=CARTESIAN_POINT('',(0.0156194014921785,-0.055871643336547,0.005));
#2423=CARTESIAN_POINT('',(0.0156194014921785,-0.061287775728966,0.005));
#2424=CARTESIAN_POINT('',(0.0156194014921785,-0.061287775728966,0.005));
#2425=CARTESIAN_POINT('',(-0.0122554576955736,-0.061287775728966,0.005));
#2426=CARTESIAN_POINT('',(-0.0122554576955736,-0.061287775728966,0.));
#2427=CARTESIAN_POINT('',(-0.0401303168833256,-0.061287775728966,0.));
#2428=CARTESIAN_POINT('',(-0.0122554576955736,-0.061287775728966,0.005));
#2429=CARTESIAN_POINT('',(-0.0401303168833256,-0.061287775728966,0.005));
#2430=CARTESIAN_POINT('',(-0.0401303168833256,-0.061287775728966,0.005));
#2431=CARTESIAN_POINT('',(-0.0401303168833256,-0.055871643336547,0.005));
#2432=CARTESIAN_POINT('',(-0.0401303168833256,-0.055871643336547,0.));
#2433=CARTESIAN_POINT('',(-0.0401303168833256,-0.052455510944128,0.));
#2434=CARTESIAN_POINT('',(-0.0401303168833256,-0.055871643336547,0.005));
#2435=CARTESIAN_POINT('',(-0.0401303168833256,-0.052455510944128,0.005));
#2436=CARTESIAN_POINT('',(-0.0401303168833256,-0.052455510944128,0.005));
#2437=CARTESIAN_POINT('',(-0.0305116270589668,-0.052455510944128,0.005));
#2438=CARTESIAN_POINT('',(-0.0305116270589668,-0.052455510944128,0.));
#2439=CARTESIAN_POINT('',(-0.0339325095897422,-0.0434656968944461,0.));
#2440=CARTESIAN_POINT('',(-0.0305116270589668,-0.052455510944128,0.005));
#2441=CARTESIAN_POINT('',(-0.0339325095897422,-0.0434656968944461,0.005));
#2442=CARTESIAN_POINT('',(-0.0339325095897422,-0.0434656968944461,0.005));
#2443=CARTESIAN_POINT('',(-0.0262069593353205,-0.043961368599127,0.005));
#2444=CARTESIAN_POINT('',(-0.0262069593353205,-0.043961368599127,0.));
#2445=CARTESIAN_POINT('',(-0.0285569942342472,-0.0365852481319543,0.));
#2446=CARTESIAN_POINT('',(-0.0262069593353205,-0.043961368599127,0.005));
#2447=CARTESIAN_POINT('',(-0.0285569942342472,-0.0365852481319543,0.005));
#2448=CARTESIAN_POINT('',(-0.0285569942342472,-0.0365852481319543,0.005));
#2449=CARTESIAN_POINT('',(0.062312161808764,-0.0431139820183636,0.005));
#2450=CARTESIAN_POINT('',(0.062312161808764,-0.0431139820183636,0.));
#2451=CARTESIAN_POINT('',(-0.0248991366212968,-0.0167697736933535,0.));
#2452=CARTESIAN_POINT('',(0.062312161808764,-0.0431139820183636,0.005));
#2453=CARTESIAN_POINT('',(-0.0248991366212968,-0.0167697736933535,0.005));
#2454=CARTESIAN_POINT('',(-0.0248991366212968,-0.0167697736933535,0.005));
#2455=CARTESIAN_POINT('',(-0.0864121838915207,-0.0015496629582254,0.005));
#2456=CARTESIAN_POINT('',(-0.0864121838915207,-0.0015496629582254,0.));
#2457=CARTESIAN_POINT('',(-0.0230763081822152,-0.00356797992881411,0.));
#2458=CARTESIAN_POINT('',(-0.0864121838915207,-0.0015496629582254,0.005));
#2459=CARTESIAN_POINT('',(-0.0230763081822153,-0.00356797992881414,0.005));
#2460=CARTESIAN_POINT('',(-0.0230763081822152,-0.00356797992881411,0.005));
#2461=CARTESIAN_POINT('',(-0.0216069962984628,0.00346741303223653,0.005));
#2462=CARTESIAN_POINT('',(-0.0216069962984628,0.00346741303223653,0.));
#2463=CARTESIAN_POINT('',(-0.0256505167664819,0.00940926238684394,0.));
#2464=CARTESIAN_POINT('',(-0.0216069962984628,0.00346741303223653,0.005));
#2465=CARTESIAN_POINT('',(-0.0256505167664819,0.00940926238684394,0.005));
#2466=CARTESIAN_POINT('',(-0.0256505167664819,0.00940926238684394,0.005));
#2467=CARTESIAN_POINT('',(0.00342841145408513,0.0224250301131336,0.005));
#2468=CARTESIAN_POINT('',(0.00342841145408513,0.0224250301131336,0.));
#2469=CARTESIAN_POINT('',(-0.0280138927270743,0.0275607660624461,0.));
#2470=CARTESIAN_POINT('',(0.00342841145408513,0.0224250301131336,0.005));
#2471=CARTESIAN_POINT('',(-0.0280138927270743,0.0275607660624461,0.005));
#2472=CARTESIAN_POINT('',(-0.0280138927270743,0.0275607660624461,0.005));
#2473=CARTESIAN_POINT('',(-0.0218271967241718,0.028159038580905,0.005));
#2474=CARTESIAN_POINT('',(-0.0218271967241718,0.028159038580905,0.));
#2475=CARTESIAN_POINT('',(-0.0231733857061572,0.0280288579687986,0.));
#2476=CARTESIAN_POINT('',(-0.0218271967241718,0.028159038580905,0.005));
#2477=CARTESIAN_POINT('',(-0.0231733857061572,0.0280288579687986,0.005));
#2478=CARTESIAN_POINT('',(-0.0231733857061572,0.0280288579687986,0.005));
#2479=CARTESIAN_POINT('',(-0.0232399518267038,0.0329546565604474,0.005));
#2480=CARTESIAN_POINT('',(-0.0232399518267038,0.0329546565604474,0.));
#2481=CARTESIAN_POINT('',(-0.0233279779007855,0.0394684613034481,0.));
#2482=CARTESIAN_POINT('',(-0.0232399518267038,0.0329546565604474,0.005));
#2483=CARTESIAN_POINT('',(-0.0233279779007855,0.0394684613034481,0.005));
#2484=CARTESIAN_POINT('',(-0.0233279779007855,0.0394684613034481,0.005));
#2485=CARTESIAN_POINT('',(-0.0191883015963171,0.0395244039464085,0.005));
#2486=CARTESIAN_POINT('',(-0.0191883015963171,0.0395244039464085,0.));
#2487=CARTESIAN_POINT('',(-0.0191883015963171,0.0395244039464085,0.005));
#2488=CARTESIAN_POINT('',(-0.0121151893399656,0.042312224271034,0.005));
#2489=CARTESIAN_POINT('',(-0.0121151893399656,0.042312224271034,0.));
#2490=CARTESIAN_POINT('',(-0.0121151893399656,0.042312224271034,0.007));
#2491=CARTESIAN_POINT('',(-0.0298436370650146,0.0221592924076206,0.));
#2492=CARTESIAN_POINT('',(-0.0298436370650146,0.0221592924076206,0.007));
#2493=CARTESIAN_POINT('',(0.00342841145408513,0.0224250301131336,0.007));
#2494=CARTESIAN_POINT('',(-0.0314843839344699,0.0106063693505414,0.007));
#2495=CARTESIAN_POINT('',(-0.0321141920915964,0.0321875788202515,0.007));
#2496=CARTESIAN_POINT('',(-0.0216069962984628,0.00346741303223653,0.007));
#2497=CARTESIAN_POINT('',(-0.0282748469802084,-0.00673392271915191,0.007));
#2498=CARTESIAN_POINT('',(-0.0864121838915207,-0.0015496629582254,0.007));
#2499=CARTESIAN_POINT('',(-0.029723419843227,-0.0154496817742226,0.007));
#2500=CARTESIAN_POINT('',(0.062312161808764,-0.0431139820183636,0.007));
#2501=CARTESIAN_POINT('',(-0.0332964289697041,-0.0333744149143446,0.007));
#2502=CARTESIAN_POINT('',(-0.0262069593353205,-0.043961368599127,0.007));
#2503=CARTESIAN_POINT('',(-0.038355312932761,-0.0401192763446219,0.007));
#2504=CARTESIAN_POINT('',(-0.0305116270589668,-0.052455510944128,0.007));
#2505=CARTESIAN_POINT('',(-0.0451303168833256,-0.052455510944128,0.007));
#2506=CARTESIAN_POINT('',(-0.0451303168833256,-0.055871643336547,0.007));
#2507=CARTESIAN_POINT('',(-0.0451303168833256,-0.066287775728966,0.007));
#2508=CARTESIAN_POINT('',(-0.0122554576955736,-0.066287775728966,0.007));
#2509=CARTESIAN_POINT('',(0.0206194014921784,-0.066287775728966,0.007));
#2510=CARTESIAN_POINT('',(0.0206194014921784,-0.055871643336547,0.007));
#2511=CARTESIAN_POINT('',(0.0206194014921784,-0.052314275388181,0.007));
#2512=CARTESIAN_POINT('',(0.00578444754004488,-0.0528313034256954,0.007));
#2513=CARTESIAN_POINT('',(0.0138569982623821,-0.0403742932872716,0.007));
#2514=CARTESIAN_POINT('',(0.00197431613751431,-0.0438972086452174,0.007));
#2515=CARTESIAN_POINT('',(0.00855000854681851,-0.0333915274946151,0.007));
#2516=CARTESIAN_POINT('',(-0.117307907433461,-0.0441802424350421,0.007));
#2517=CARTESIAN_POINT('',(0.00406349053665169,-0.00917174147105604,0.007));
#2518=CARTESIAN_POINT('',(0.0568739079801454,-0.00242209535273518,0.007));
#2519=CARTESIAN_POINT('',(0.00378836632833849,-0.00647464773523475,0.007));
#2520=CARTESIAN_POINT('',(-0.00281366845273746,0.00369485570776785,0.007));
#2521=CARTESIAN_POINT('',(0.00727149224874122,0.0104250263707695,0.007));
#2522=CARTESIAN_POINT('',(-0.0298436370650146,0.0221592924076206,0.007));
#2523=CARTESIAN_POINT('',(0.00775064827414101,0.0322536241457082,0.007));
#2524=CARTESIAN_POINT('',(-0.00188247369909825,0.0331651983461565,0.007));
#2525=CARTESIAN_POINT('',(0.00406255830824375,0.0326026249858495,0.007));
#2526=CARTESIAN_POINT('',(0.00406255830824375,0.0329816816374659,0.007));
#2527=CARTESIAN_POINT('',(0.00406255830824375,0.044495668977499,0.007));
#2528=CARTESIAN_POINT('',(-0.00507320137694478,0.044495668977499,0.007));
#2529=CARTESIAN_POINT('',(-0.000208961062133312,0.044495668977499,0.007));
#2530=CARTESIAN_POINT('',(-0.000208961062133312,0.0399039466242665,0.007));
#2531=CARTESIAN_POINT('',(-0.000208961062133312,0.049312224271034,0.007));
#2532=CARTESIAN_POINT('',(-0.0121151893399656,0.049312224271034,0.007));
#2533=CARTESIAN_POINT('',(-0.0240214176177979,0.049312224271034,0.007));
#2534=CARTESIAN_POINT('',(-0.0240214176177979,0.0399328641902083,0.007));
#2535=CARTESIAN_POINT('',(-0.0240214176177979,0.0444595468512728,0.007));
#2536=CARTESIAN_POINT('',(-0.0192558642888635,0.0445239474538275,0.007));
#2537=CARTESIAN_POINT('',(-0.0283950841007508,0.0444004421183207,0.007));
#2538=CARTESIAN_POINT('',(-0.0282394953341228,0.032887093867901,0.007));
#2539=CARTESIAN_POINT('',(-0.0282351115199866,0.0325626978339858,0.007));
#2540=CARTESIAN_POINT('',(-0.0223084670323569,0.0331358225716424,0.007));
#2541=CARTESIAN_POINT('',(-0.0298436370650146,0.0221592924076206,0.005));
#2542=CARTESIAN_POINT('',(0.00342841145408513,0.0224250301131336,0.005));
#2543=CARTESIAN_POINT('',(-0.0314843839344699,0.0106063693505414,0.005));
#2544=CARTESIAN_POINT('',(-0.0321141920915964,0.0321875788202515,0.005));
#2545=CARTESIAN_POINT('',(-0.0223084670323569,0.0331358225716424,0.005));
#2546=CARTESIAN_POINT('',(-0.0282351115199866,0.0325626978339858,0.005));
#2547=CARTESIAN_POINT('',(-0.0282394953341228,0.032887093867901,0.005));
#2548=CARTESIAN_POINT('',(-0.0283950841007508,0.0444004421183207,0.005));
#2549=CARTESIAN_POINT('',(-0.0192558642888635,0.0445239474538275,0.005));
#2550=CARTESIAN_POINT('',(-0.0240214176177979,0.0444595468512728,0.005));
#2551=CARTESIAN_POINT('',(-0.0240214176177979,0.0399328641902083,0.005));
#2552=CARTESIAN_POINT('',(-0.0240214176177979,0.049312224271034,0.005));
#2553=CARTESIAN_POINT('',(-0.0121151893399656,0.049312224271034,0.005));
#2554=CARTESIAN_POINT('',(-0.000208961062133312,0.049312224271034,0.005));
#2555=CARTESIAN_POINT('',(-0.000208961062133312,0.0399039466242665,0.005));
#2556=CARTESIAN_POINT('',(-0.000208961062133312,0.044495668977499,0.005));
#2557=CARTESIAN_POINT('',(-0.00507320137694478,0.044495668977499,0.005));
#2558=CARTESIAN_POINT('',(0.00406255830824375,0.044495668977499,0.005));
#2559=CARTESIAN_POINT('',(0.00406255830824375,0.0329816816374659,0.005));
#2560=CARTESIAN_POINT('',(0.00406255830824375,0.0326026249858495,0.005));
#2561=CARTESIAN_POINT('',(-0.00188247369909825,0.0331651983461565,0.005));
#2562=CARTESIAN_POINT('',(0.00775064827414101,0.0322536241457082,0.005));
#2563=CARTESIAN_POINT('',(-0.0298436370650146,0.0221592924076206,0.005));
#2564=CARTESIAN_POINT('',(0.00727149224874122,0.0104250263707695,0.005));
#2565=CARTESIAN_POINT('',(-0.00281366845273746,0.00369485570776785,0.005));
#2566=CARTESIAN_POINT('',(0.00378836632833849,-0.00647464773523475,0.005));
#2567=CARTESIAN_POINT('',(0.0568739079801454,-0.00242209535273518,0.005));
#2568=CARTESIAN_POINT('',(0.00406349053665169,-0.00917174147105604,0.005));
#2569=CARTESIAN_POINT('',(-0.117307907433461,-0.0441802424350421,0.005));
#2570=CARTESIAN_POINT('',(0.00855000854681851,-0.0333915274946151,0.005));
#2571=CARTESIAN_POINT('',(0.00197431613751431,-0.0438972086452174,0.005));
#2572=CARTESIAN_POINT('',(0.0138569982623821,-0.0403742932872716,0.005));
#2573=CARTESIAN_POINT('',(0.00578444754004488,-0.0528313034256954,0.005));
#2574=CARTESIAN_POINT('',(0.0206194014921784,-0.052314275388181,0.005));
#2575=CARTESIAN_POINT('',(0.0206194014921784,-0.055871643336547,0.005));
#2576=CARTESIAN_POINT('',(0.0206194014921784,-0.066287775728966,0.005));
#2577=CARTESIAN_POINT('',(-0.0122554576955736,-0.066287775728966,0.005));
#2578=CARTESIAN_POINT('',(-0.0451303168833256,-0.066287775728966,0.005));
#2579=CARTESIAN_POINT('',(-0.0451303168833256,-0.055871643336547,0.005));
#2580=CARTESIAN_POINT('',(-0.0451303168833256,-0.052455510944128,0.005));
#2581=CARTESIAN_POINT('',(-0.0305116270589668,-0.052455510944128,0.005));
#2582=CARTESIAN_POINT('',(-0.038355312932761,-0.0401192763446219,0.005));
#2583=CARTESIAN_POINT('',(-0.0262069593353205,-0.043961368599127,0.005));
#2584=CARTESIAN_POINT('',(-0.0332964289697041,-0.0333744149143446,0.005));
#2585=CARTESIAN_POINT('',(0.062312161808764,-0.0431139820183636,0.005));
#2586=CARTESIAN_POINT('',(-0.029723419843227,-0.0154496817742226,0.005));
#2587=CARTESIAN_POINT('',(-0.0864121838915207,-0.0015496629582254,0.005));
#2588=CARTESIAN_POINT('',(-0.0282748469802084,-0.00673392271915191,0.005));
#2589=CARTESIAN_POINT('',(-0.0216069962984628,0.00346741303223653,0.005));
#2590=CARTESIAN_POINT('',(0.00342841145408513,0.0224250301131336,0.007));
#2591=CARTESIAN_POINT('',(-0.0314843839344699,0.0106063693505414,0.007));
#2592=CARTESIAN_POINT('',(-0.0321141920915964,0.0321875788202515,0.007));
#2593=CARTESIAN_POINT('',(-0.0216069962984628,0.00346741303223653,0.007));
#2594=CARTESIAN_POINT('',(-0.0282748469802084,-0.00673392271915191,0.007));
#2595=CARTESIAN_POINT('',(-0.0864121838915207,-0.0015496629582254,0.007));
#2596=CARTESIAN_POINT('',(-0.029723419843227,-0.0154496817742226,0.007));
#2597=CARTESIAN_POINT('',(0.062312161808764,-0.0431139820183636,0.007));
#2598=CARTESIAN_POINT('',(-0.0332964289697041,-0.0333744149143446,0.007));
#2599=CARTESIAN_POINT('',(-0.0262069593353205,-0.043961368599127,0.007));
#2600=CARTESIAN_POINT('',(-0.038355312932761,-0.0401192763446219,0.007));
#2601=CARTESIAN_POINT('',(-0.0305116270589668,-0.052455510944128,0.007));
#2602=CARTESIAN_POINT('',(-0.0451303168833256,-0.052455510944128,0.007));
#2603=CARTESIAN_POINT('',(-0.0451303168833256,-0.055871643336547,0.007));
#2604=CARTESIAN_POINT('',(-0.0451303168833256,-0.066287775728966,0.007));
#2605=CARTESIAN_POINT('',(-0.0122554576955736,-0.066287775728966,0.007));
#2606=CARTESIAN_POINT('',(0.0206194014921784,-0.066287775728966,0.007));
#2607=CARTESIAN_POINT('',(0.0206194014921784,-0.055871643336547,0.007));
#2608=CARTESIAN_POINT('',(0.0206194014921784,-0.052314275388181,0.007));
#2609=CARTESIAN_POINT('',(0.00578444754004488,-0.0528313034256954,0.007));
#2610=CARTESIAN_POINT('',(0.0138569982623821,-0.0403742932872716,0.007));
#2611=CARTESIAN_POINT('',(0.00197431613751431,-0.0438972086452174,0.007));
#2612=CARTESIAN_POINT('',(0.00855000854681851,-0.0333915274946151,0.007));
#2613=CARTESIAN_POINT('',(-0.117307907433461,-0.0441802424350421,0.007));
#2614=CARTESIAN_POINT('',(0.00406349053665169,-0.00917174147105604,0.007));
#2615=CARTESIAN_POINT('',(0.0568739079801454,-0.00242209535273518,0.007));
#2616=CARTESIAN_POINT('',(0.00378836632833849,-0.00647464773523475,0.007));
#2617=CARTESIAN_POINT('',(-0.00281366845273746,0.00369485570776785,0.007));
#2618=CARTESIAN_POINT('',(0.00727149224874122,0.0104250263707695,0.007));
#2619=CARTESIAN_POINT('',(-0.0298436370650146,0.0221592924076206,0.007));
#2620=CARTESIAN_POINT('',(0.00775064827414101,0.0322536241457082,0.007));
#2621=CARTESIAN_POINT('',(-0.00188247369909825,0.0331651983461565,0.007));
#2622=CARTESIAN_POINT('',(0.00406255830824375,0.0326026249858495,0.007));
#2623=CARTESIAN_POINT('',(0.00406255830824375,0.0329816816374659,0.007));
#2624=CARTESIAN_POINT('',(0.00406255830824375,0.044495668977499,0.007));
#2625=CARTESIAN_POINT('',(-0.00507320137694478,0.044495668977499,0.007));
#2626=CARTESIAN_POINT('',(-0.000208961062133312,0.044495668977499,0.007));
#2627=CARTESIAN_POINT('',(-0.000208961062133312,0.0399039466242665,0.007));
#2628=CARTESIAN_POINT('',(-0.000208961062133312,0.049312224271034,0.007));
#2629=CARTESIAN_POINT('',(-0.0121151893399656,0.049312224271034,0.007));
#2630=CARTESIAN_POINT('',(-0.0240214176177979,0.049312224271034,0.007));
#2631=CARTESIAN_POINT('',(-0.0240214176177979,0.0399328641902083,0.007));
#2632=CARTESIAN_POINT('',(-0.0240214176177979,0.0444595468512728,0.007));
#2633=CARTESIAN_POINT('',(-0.0192558642888635,0.0445239474538275,0.007));
#2634=CARTESIAN_POINT('',(-0.0283950841007508,0.0444004421183207,0.007));
#2635=CARTESIAN_POINT('',(-0.0282394953341228,0.032887093867901,0.007));
#2636=CARTESIAN_POINT('',(-0.0282351115199866,0.0325626978339858,0.007));
#2637=CARTESIAN_POINT('',(-0.0223084670323569,0.0331358225716424,0.007));
#2638=MECHANICAL_DESIGN_GEOMETRIC_PRESENTATION_REPRESENTATION('',(#1555),
#2639);
#2639=(
GEOMETRIC_REPRESENTATION_CONTEXT(3)
GLOBAL_UNCERTAINTY_ASSIGNED_CONTEXT((#2640))
GLOBAL_UNIT_ASSIGNED_CONTEXT((#2643,#2642,#2641))
REPRESENTATION_CONTEXT('Part 1','TOP_LEVEL_ASSEMBLY_PART')
);
#2640=UNCERTAINTY_MEASURE_WITH_UNIT(LENGTH_MEASURE(1.E-8),#2643,
'DISTANCE_ACCURACY_VALUE','Maximum Tolerance applied to model');
#2641=(
NAMED_UNIT(*)
SI_UNIT($,.STERADIAN.)
SOLID_ANGLE_UNIT()
);
#2642=(
NAMED_UNIT(*)
PLANE_ANGLE_UNIT()
SI_UNIT($,.RADIAN.)
);
#2643=(
LENGTH_UNIT()
NAMED_UNIT(*)
SI_UNIT($,.METRE.)
);
#2644=PRODUCT_DEFINITION_SHAPE('','',#2645);
#2645=PRODUCT_DEFINITION('','',#2647,#2646);
#2646=PRODUCT_DEFINITION_CONTEXT('',#2653,'design');
#2647=PRODUCT_DEFINITION_FORMATION_WITH_SPECIFIED_SOURCE('','',#2649,
 .NOT_KNOWN.);
#2648=PRODUCT_RELATED_PRODUCT_CATEGORY('','',(#2649));
#2649=PRODUCT('Part 1','Part 1','Part 1',(#2651));
#2650=PRODUCT_CATEGORY('','');
#2651=PRODUCT_CONTEXT('',#2653,'mechanical');
#2652=APPLICATION_PROTOCOL_DEFINITION('international standard',
'ap242_managed_model_based_3d_engineering',2020,#2653);
#2653=APPLICATION_CONTEXT('managed model based 3d engineering');
ENDSEC;
END-ISO-10303-21;
